Company Name,Industry,Symbol,Series,ISIN Code,nifty100,nifty200,nifty500,nifty500Multicap502525,nifty50,niftylargemidcap250,niftymicrocap250,niftymidcap100,niftymidcap150,niftymidcap50,niftymidcapselect,niftymidsmallcap400,niftynext50,niftysmallcap100,niftysmallcap250,niftysmallcap50
ACC Ltd.,Construction Materials,ACC,EQ,INE012A01025,1,1,1,1,,1,,,,,,,1,,,
Adani Enterprises Ltd.,Metals & Mining,ADANIENT,EQ,INE423A01024,1,1,1,1,,1,,,,,,,1,,,
Adani Green Energy Ltd.,Power,ADANIGREEN,EQ,INE364U01010,1,1,1,1,,1,,,,,,,1,,,
Adani Ports and Special Economic Zone Ltd.,Services,ADANIPORTS,EQ,INE742F01042,1,1,1,1,1,1,,,,,,,,,,
Adani Transmission Ltd.,Power,ADANITRANS,EQ,INE931S01010,1,1,1,1,,1,,,,,,,1,,,
Ambuja Cements Ltd.,Construction Materials,AMBUJACEM,EQ,INE079A01024,1,1,1,1,,1,,,,,,,1,,,
Apollo Hospitals Enterprise Ltd.,Healthcare,APOLLOHOSP,EQ,INE437A01024,1,1,1,1,1,1,,,,,,,,,,
Asian Paints Ltd.,Consumer Durables,ASIANPAINT,EQ,INE021A01026,1,1,1,1,1,1,,,,,,,,,,
Avenue Supermarts Ltd.,Consumer Services,DMART,EQ,INE192R01011,1,1,1,1,,1,,,,,,,1,,,
Axis Bank Ltd.,Financial Services,AXISBANK,EQ,INE238A01034,1,1,1,1,1,1,,,,,,,,,,
Bajaj Auto Ltd.,Automobile and Auto Components,BAJAJ-AUTO,EQ,INE917I01010,1,1,1,1,1,1,,,,,,,,,,
Bajaj Finance Ltd.,Financial Services,BAJFINANCE,EQ,INE296A01024,1,1,1,1,1,1,,,,,,,,,,
Bajaj Finserv Ltd.,Financial Services,BAJAJFINSV,EQ,INE918I01018,1,1,1,1,1,1,,,,,,,,,,
Bajaj Holdings & Investment Ltd.,Financial Services,BAJAJHLDNG,EQ,INE118A01012,1,1,1,1,,1,,,,,,,1,,,
Bandhan Bank Ltd.,Financial Services,BANDHANBNK,EQ,INE545U01014,1,1,1,1,,1,,,,,,,1,,,
Bank of Baroda,Financial Services,BANKBARODA,EQ,INE028A01039,1,1,1,1,,1,,,,,,,1,,,
Berger Paints India Ltd.,Consumer Durables,BERGEPAINT,EQ,INE463A01038,1,1,1,1,,1,,,,,,,1,,,
Bharat Petroleum Corporation Ltd.,Oil Gas & Consumable Fuels,BPCL,EQ,INE029A01011,1,1,1,1,1,1,,,,,,,,,,
Bharti Airtel Ltd.,Telecommunication,BHARTIARTL,EQ,INE397D01024,1,1,1,1,1,1,,,,,,,,,,
Biocon Ltd.,Healthcare,BIOCON,EQ,INE376G01013,1,1,1,1,,1,,,,,,,1,,,
Bosch Ltd.,Automobile and Auto Components,BOSCHLTD,EQ,INE323A01026,1,1,1,1,,1,,,,,,,1,,,
Britannia Industries Ltd.,Fast Moving Consumer Goods,BRITANNIA,EQ,INE216A01030,1,1,1,1,1,1,,,,,,,,,,
Cholamandalam Investment and Finance Company Ltd.,Financial Services,CHOLAFIN,EQ,INE121A01024,1,1,1,1,,1,,,,,,,1,,,
Cipla Ltd.,Healthcare,CIPLA,EQ,INE059A01026,1,1,1,1,1,1,,,,,,,,,,
Coal India Ltd.,Oil Gas & Consumable Fuels,COALINDIA,EQ,INE522F01014,1,1,1,1,1,1,,,,,,,,,,
Colgate Palmolive (India) Ltd.,Fast Moving Consumer Goods,COLPAL,EQ,INE259A01022,1,1,1,1,,1,,,,,,,1,,,
DLF Ltd.,Realty,DLF,EQ,INE271C01023,1,1,1,1,,1,,,,,,,1,,,
Dabur India Ltd.,Fast Moving Consumer Goods,DABUR,EQ,INE016A01026,1,1,1,1,,1,,,,,,,1,,,
Divi's Laboratories Ltd.,Healthcare,DIVISLAB,EQ,INE361B01024,1,1,1,1,1,1,,,,,,,,,,
Dr. Reddy's Laboratories Ltd.,Healthcare,DRREDDY,EQ,INE089A01023,1,1,1,1,1,1,,,,,,,,,,
Eicher Motors Ltd.,Automobile and Auto Components,EICHERMOT,EQ,INE066A01021,1,1,1,1,1,1,,,,,,,,,,
FSN E-Commerce Ventures Ltd.,Consumer Services,NYKAA,EQ,INE388Y01029,1,1,1,1,,1,,,,,,,1,,,
GAIL (India) Ltd.,Oil Gas & Consumable Fuels,GAIL,EQ,INE129A01019,1,1,1,1,,1,,,,,,,1,,,
Gland Pharma Ltd.,Healthcare,GLAND,EQ,INE068V01023,1,1,1,1,,1,,,,,,,1,,,
Godrej Consumer Products Ltd.,Fast Moving Consumer Goods,GODREJCP,EQ,INE102D01028,1,1,1,1,,1,,,,,,,1,,,
Grasim Industries Ltd.,Construction Materials,GRASIM,EQ,INE047A01021,1,1,1,1,1,1,,,,,,,,,,
HCL Technologies Ltd.,Information Technology,HCLTECH,EQ,INE860A01027,1,1,1,1,1,1,,,,,,,,,,
HDFC Asset Management Company Ltd.,Financial Services,HDFCAMC,EQ,INE127D01025,1,1,1,1,,1,,,,,,,1,,,
HDFC Bank Ltd.,Financial Services,HDFCBANK,EQ,INE040A01034,1,1,1,1,1,1,,,,,,,,,,
HDFC Life Insurance Company Ltd.,Financial Services,HDFCLIFE,EQ,INE795G01014,1,1,1,1,1,1,,,,,,,,,,
Havells India Ltd.,Consumer Durables,HAVELLS,EQ,INE176B01034,1,1,1,1,,1,,,,,,,1,,,
Hero MotoCorp Ltd.,Automobile and Auto Components,HEROMOTOCO,EQ,INE158A01026,1,1,1,1,1,1,,,,,,,,,,
Hindalco Industries Ltd.,Metals & Mining,HINDALCO,EQ,INE038A01020,1,1,1,1,1,1,,,,,,,,,,
Hindustan Unilever Ltd.,Fast Moving Consumer Goods,HINDUNILVR,EQ,INE030A01027,1,1,1,1,1,1,,,,,,,,,,
Housing Development Finance Corporation Ltd.,Financial Services,HDFC,EQ,INE001A01036,1,1,1,1,1,1,,,,,,,,,,
ICICI Bank Ltd.,Financial Services,ICICIBANK,EQ,INE090A01021,1,1,1,1,1,1,,,,,,,,,,
ICICI Lombard General Insurance Company Ltd.,Financial Services,ICICIGI,EQ,INE765G01017,1,1,1,1,,1,,,,,,,1,,,
ICICI Prudential Life Insurance Company Ltd.,Financial Services,ICICIPRULI,EQ,INE726G01019,1,1,1,1,,1,,,,,,,1,,,
ITC Ltd.,Fast Moving Consumer Goods,ITC,EQ,INE154A01025,1,1,1,1,1,1,,,,,,,,,,
Indian Oil Corporation Ltd.,Oil Gas & Consumable Fuels,IOC,EQ,INE242A01010,1,1,1,1,,1,,,,,,,1,,,
Indus Towers Ltd.,Telecommunication,INDUSTOWER,EQ,INE121J01017,1,1,1,1,,1,,,,,,,1,,,
IndusInd Bank Ltd.,Financial Services,INDUSINDBK,EQ,INE095A01012,1,1,1,1,1,1,,,,,,,,,,
Info Edge (India) Ltd.,Consumer Services,NAUKRI,EQ,INE663F01024,1,1,1,1,,1,,,,,,,1,,,
Infosys Ltd.,Information Technology,INFY,EQ,INE009A01021,1,1,1,1,1,1,,,,,,,,,,
InterGlobe Aviation Ltd.,Services,INDIGO,EQ,INE646L01027,1,1,1,1,,1,,,,,,,1,,,
JSW Steel Ltd.,Metals & Mining,JSWSTEEL,EQ,INE019A01038,1,1,1,1,1,1,,,,,,,,,,
Jubilant Foodworks Ltd.,Consumer Services,JUBLFOOD,EQ,INE797F01020,1,1,1,1,,1,,,,,,,1,,,
Kotak Mahindra Bank Ltd.,Financial Services,KOTAKBANK,EQ,INE237A01028,1,1,1,1,1,1,,,,,,,,,,
Larsen & Toubro Infotech Ltd.,Information Technology,LTI,EQ,INE214T01019,1,1,1,1,,1,,,,,,,1,,,
Larsen & Toubro Ltd.,Construction,LT,EQ,INE018A01030,1,1,1,1,1,1,,,,,,,,,,
Lupin Ltd.,Healthcare,LUPIN,EQ,INE326A01037,1,1,1,1,,1,,,,,,,1,,,
Mahindra & Mahindra Ltd.,Automobile and Auto Components,M&M,EQ,INE101A01026,1,1,1,1,1,1,,,,,,,,,,
Marico Ltd.,Fast Moving Consumer Goods,MARICO,EQ,INE196A01026,1,1,1,1,,1,,,,,,,1,,,
Maruti Suzuki India Ltd.,Automobile and Auto Components,MARUTI,EQ,INE585B01010,1,1,1,1,1,1,,,,,,,,,,
MindTree Ltd.,Information Technology,MINDTREE,EQ,INE018I01017,1,1,1,1,,1,,,,,,,1,,,
Muthoot Finance Ltd.,Financial Services,MUTHOOTFIN,EQ,INE414G01012,1,1,1,1,,1,,,,,,,1,,,
NMDC Ltd.,Metals & Mining,NMDC,EQ,INE584A01023,1,1,1,1,,1,,,,,,,1,,,
NTPC Ltd.,Power,NTPC,EQ,INE733E01010,1,1,1,1,1,1,,,,,,,,,,
Nestle India Ltd.,Fast Moving Consumer Goods,NESTLEIND,EQ,INE239A01016,1,1,1,1,1,1,,,,,,,,,,
Oil & Natural Gas Corporation Ltd.,Oil Gas & Consumable Fuels,ONGC,EQ,INE213A01029,1,1,1,1,1,1,,,,,,,,,,
One 97 Communications Ltd.,Financial Services,PAYTM,EQ,INE982J01020,1,1,1,1,,1,,,,,,,1,,,
PI Industries Ltd.,Chemicals,PIIND,EQ,INE603J01030,1,1,1,1,,1,,,,,,,1,,,
Pidilite Industries Ltd.,Chemicals,PIDILITIND,EQ,INE318A01026,1,1,1,1,,1,,,,,,,1,,,
Piramal Enterprises Ltd.,Financial Services,PEL,EQ,INE140A01024,1,1,1,1,,1,,,,,,,1,,,
Power Grid Corporation of India Ltd.,Power,POWERGRID,EQ,INE752E01010,1,1,1,1,1,1,,,,,,,,,,
Procter & Gamble Hygiene & Health Care Ltd.,Fast Moving Consumer Goods,PGHH,EQ,INE179A01014,1,1,1,1,,1,,,,,,,1,,,
Punjab National Bank,Financial Services,PNB,EQ,INE160A01022,1,1,1,1,,1,,,,,,,1,,,
Reliance Industries Ltd.,Oil Gas & Consumable Fuels,RELIANCE,EQ,INE002A01018,1,1,1,1,1,1,,,,,,,,,,
SBI Cards and Payment Services Ltd.,Financial Services,SBICARD,EQ,INE018E01016,1,1,1,1,,1,,,,,,,1,,,
SBI Life Insurance Company Ltd.,Financial Services,SBILIFE,EQ,INE123W01016,1,1,1,1,1,1,,,,,,,,,,
SRF Ltd.,Chemicals,SRF,EQ,INE647A01010,1,1,1,1,,1,,,,,,,1,,,
Shree Cement Ltd.,Construction Materials,SHREECEM,EQ,INE070A01015,1,1,1,1,1,1,,,,,,,,,,
Siemens Ltd.,Capital Goods,SIEMENS,EQ,INE003A01024,1,1,1,1,,1,,,,,,,1,,,
State Bank of India,Financial Services,SBIN,EQ,INE062A01020,1,1,1,1,1,1,,,,,,,,,,
Steel Authority of India Ltd.,Metals & Mining,SAIL,EQ,INE114A01011,1,1,1,1,,1,,,,,,,1,,,
Sun Pharmaceutical Industries Ltd.,Healthcare,SUNPHARMA,EQ,INE044A01036,1,1,1,1,1,1,,,,,,,,,,
Tata Consultancy Services Ltd.,Information Technology,TCS,EQ,INE467B01029,1,1,1,1,1,1,,,,,,,,,,
Tata Consumer Products Ltd.,Fast Moving Consumer Goods,TATACONSUM,EQ,INE192A01025,1,1,1,1,1,1,,,,,,,,,,
Tata Motors Ltd.,Automobile and Auto Components,TATAMOTORS,EQ,INE155A01022,1,1,1,1,1,1,,,,,,,,,,
Tata Steel Ltd.,Metals & Mining,TATASTEEL,EQ,INE081A01012,1,1,1,1,1,1,,,,,,,,,,
Tech Mahindra Ltd.,Information Technology,TECHM,EQ,INE669C01036,1,1,1,1,1,1,,,,,,,,,,
Titan Company Ltd.,Consumer Durables,TITAN,EQ,INE280A01028,1,1,1,1,1,1,,,,,,,,,,
Torrent Pharmaceuticals Ltd.,Healthcare,TORNTPHARM,EQ,INE685A01028,1,1,1,1,,1,,,,,,,1,,,
UPL Ltd.,Chemicals,UPL,EQ,INE628A01036,1,1,1,1,1,1,,,,,,,,,,
UltraTech Cement Ltd.,Construction Materials,ULTRACEMCO,EQ,INE481G01011,1,1,1,1,1,1,,,,,,,,,,
United Spirits Ltd.,Fast Moving Consumer Goods,MCDOWELL-N,EQ,INE854D01024,1,1,1,1,,1,,,,,,,1,,,
Vedanta Ltd.,Metals & Mining,VEDL,EQ,INE205A01025,1,1,1,1,,1,,,,,,,1,,,
Wipro Ltd.,Information Technology,WIPRO,EQ,INE075A01022,1,1,1,1,1,1,,,,,,,,,,
Zomato Ltd.,Consumer Services,ZOMATO,EQ,INE758T01015,1,1,1,1,,1,,,,,,,1,,,
Zydus Lifesciences Ltd.,Healthcare,ZYDUSLIFE,EQ,INE010B01027,1,1,1,1,,1,,,,,,,1,,,
ABB India Ltd.,Capital Goods,ABB,EQ,INE117A01022,,1,1,1,,1,,1,1,1,,1,,,,
AU Small Finance Bank Ltd.,Financial Services,AUBANK,EQ,INE949L01017,,1,1,1,,1,,1,1,1,1,1,,,,
Abbott India Ltd.,Healthcare,ABBOTINDIA,EQ,INE358A01014,,1,1,1,,1,,1,1,1,,1,,,,
Adani Total Gas Ltd.,Oil Gas & Consumable Fuels,ATGL,EQ,INE399L01023,,1,1,1,,1,,1,1,,,1,,,,
Aditya Birla Capital Ltd.,Financial Services,ABCAPITAL,EQ,INE674K01013,,1,1,1,,1,,1,1,,,1,,,,
Aditya Birla Fashion and Retail Ltd.,Consumer Services,ABFRL,EQ,INE647O01011,,1,1,1,,1,,1,1,,,1,,,,
Alembic Pharmaceuticals Ltd.,Healthcare,APLLTD,EQ,INE901L01018,,1,1,1,,1,,1,1,,,1,,,,
Alkem Laboratories Ltd.,Healthcare,ALKEM,EQ,INE540L01014,,1,1,1,,1,,1,1,1,,1,,,,
Apollo Tyres Ltd.,Automobile and Auto Components,APOLLOTYRE,EQ,INE438A01022,,1,1,1,,1,,1,1,,,1,,,,
Ashok Leyland Ltd.,Capital Goods,ASHOKLEY,EQ,INE208A01029,,1,1,1,,1,,1,1,1,1,1,,,,
Astral Ltd.,Capital Goods,ASTRAL,EQ,INE006I01046,,1,1,1,,1,,1,1,1,1,1,,,,
Aurobindo Pharma Ltd.,Healthcare,AUROPHARMA,EQ,INE406A01037,,1,1,1,,1,,1,1,1,1,1,,,,
Balkrishna Industries Ltd.,Automobile and Auto Components,BALKRISIND,EQ,INE787D01026,,1,1,1,,1,,1,1,1,1,1,,,,
Bank of India,Financial Services,BANKINDIA,EQ,INE084A01016,,1,1,1,,1,,1,1,,,1,,,,
Bata India Ltd.,Consumer Durables,BATAINDIA,EQ,INE176A01028,,1,1,1,,1,,1,1,1,,1,,,,
Bharat Electronics Ltd.,Capital Goods,BEL,EQ,INE263A01024,,1,1,1,,1,,1,1,1,1,1,,,,
Bharat Forge Ltd.,Capital Goods,BHARATFORG,EQ,INE465A01025,,1,1,1,,1,,1,1,1,1,1,,,,
Bharat Heavy Electricals Ltd.,Capital Goods,BHEL,EQ,INE257A01026,,1,1,1,,1,,1,1,1,,1,,,,
Canara Bank,Financial Services,CANBK,EQ,INE476A01014,,1,1,1,,1,,1,1,1,,1,,,,
Clean Science and Technology Ltd.,Chemicals,CLEAN,EQ,INE227W01023,,1,1,1,,1,,1,1,,,1,,,,
Coforge Ltd.,Information Technology,COFORGE,EQ,INE591G01017,,1,1,1,,1,,1,1,1,,1,,,,
Container Corporation of India Ltd.,Services,CONCOR,EQ,INE111A01025,,1,1,1,,1,,1,1,1,1,1,,,,
Coromandel International Ltd.,Chemicals,COROMANDEL,EQ,INE169A01031,,1,1,1,,1,,1,1,,,1,,,,
Crompton Greaves Consumer Electricals Ltd.,Consumer Durables,CROMPTON,EQ,INE299U01018,,1,1,1,,1,,1,1,,,1,,,,
Cummins India Ltd.,Capital Goods,CUMMINSIND,EQ,INE298A01020,,1,1,1,,1,,1,1,1,,1,,,,
Dalmia Bharat Ltd.,Construction Materials,DALBHARAT,EQ,INE00R701025,,1,1,1,,1,,1,1,,,1,,,,
Deepak Nitrite Ltd.,Chemicals,DEEPAKNTR,EQ,INE288B01029,,1,1,1,,1,,1,1,,,1,,,,
Dixon Technologies (India) Ltd.,Consumer Durables,DIXON,EQ,INE935N01020,,1,1,1,,1,,1,1,,1,1,,,,
Dr. Lal Path Labs Ltd.,Healthcare,LALPATHLAB,EQ,INE600L01024,,1,1,1,,1,,1,1,,,1,,,,
Emami Ltd.,Fast Moving Consumer Goods,EMAMILTD,EQ,INE548C01032,,1,1,1,,1,,1,1,,,1,,,,
Escorts Kubota Ltd.,Capital Goods,ESCORTS,EQ,INE042A01014,,1,1,1,,1,,1,1,1,,1,,,,
Exide Industries Ltd.,Automobile and Auto Components,EXIDEIND,EQ,INE302A01020,,1,1,1,,1,,1,1,,,1,,,,
Federal Bank Ltd.,Financial Services,FEDERALBNK,EQ,INE171A01029,,1,1,1,,1,,1,1,1,,1,,,,
Fortis Healthcare Ltd.,Healthcare,FORTIS,EQ,INE061F01013,,1,1,1,,1,,1,1,,,1,,,,
Glenmark Pharmaceuticals Ltd.,Healthcare,GLENMARK,EQ,INE935A01035,,1,1,1,,1,,1,1,,,1,,,,
Godrej Properties Ltd.,Realty,GODREJPROP,EQ,INE484J01027,,1,1,1,,1,,1,1,1,1,1,,,,
Gujarat Gas Ltd.,Oil Gas & Consumable Fuels,GUJGASLTD,EQ,INE844O01030,,1,1,1,,1,,1,1,1,,1,,,,
Gujarat State Petronet Ltd.,Oil Gas & Consumable Fuels,GSPL,EQ,INE246F01010,,1,1,1,,1,,1,1,,,1,,,,
Hindustan Aeronautics Ltd.,Capital Goods,HAL,EQ,INE066F01012,,1,1,1,,1,,1,1,1,,1,,,,
Hindustan Petroleum Corporation Ltd.,Oil Gas & Consumable Fuels,HINDPETRO,EQ,INE094A01015,,1,1,1,,1,,1,1,1,1,1,,,,
Hindustan Zinc Ltd.,Metals & Mining,HINDZINC,EQ,INE267A01025,,1,1,1,,1,,1,1,,,1,,,,
Honeywell Automation India Ltd.,Capital Goods,HONAUT,EQ,INE671A01010,,1,1,1,,1,,1,1,1,,1,,,,
ICICI Securities Ltd.,Financial Services,ISEC,EQ,INE763G01038,,1,1,1,,1,,1,1,,,1,,,,
IDBI Bank Ltd.,Financial Services,IDBI,EQ,INE008A01015,,1,1,1,,1,,1,1,,,1,,,,
IDFC First Bank Ltd.,Financial Services,IDFCFIRSTB,EQ,INE092T01019,,1,1,1,,1,,1,1,1,1,1,,,,
Indiamart Intermesh Ltd.,Consumer Services,INDIAMART,EQ,INE933S01016,,1,1,1,,1,,1,1,,,1,,,,
Indian Bank,Financial Services,INDIANB,EQ,INE562A01011,,1,1,1,,1,,1,1,,,1,,,,
Indian Energy Exchange Ltd.,Financial Services,IEX,EQ,INE022Q01020,,1,1,1,,1,,1,1,,,1,,,,
Indian Hotels Co. Ltd.,Consumer Services,INDHOTEL,EQ,INE053A01029,,1,1,1,,1,,1,1,,,1,,,,
Indian Railway Catering And Tourism Corporation Ltd.,Consumer Services,IRCTC,EQ,INE335Y01020,,1,1,1,,1,,1,1,1,1,1,,,,
Indraprastha Gas Ltd.,Oil Gas & Consumable Fuels,IGL,EQ,INE203G01027,,1,1,1,,1,,1,1,,,1,,,,
Ipca Laboratories Ltd.,Healthcare,IPCALAB,EQ,INE571A01038,,1,1,1,,1,,1,1,,,1,,,,
JSW Energy Ltd.,Power,JSWENERGY,EQ,INE121E01018,,1,1,1,,1,,1,1,,,1,,,,
Jindal Steel & Power Ltd.,Metals & Mining,JINDALSTEL,EQ,INE749A01030,,1,1,1,,1,,1,1,1,,1,,,,
L&T Finance Holdings Ltd.,Financial Services,L&TFH,EQ,INE498L01015,,1,1,1,,1,,1,1,1,,1,,,,
L&T Technology Services Ltd.,Information Technology,LTTS,EQ,INE010V01017,,1,1,1,,1,,1,1,1,1,1,,,,
LIC Housing Finance Ltd.,Financial Services,LICHSGFIN,EQ,INE115A01026,,1,1,1,,1,,1,1,1,,1,,,,
Laurus Labs Ltd.,Healthcare,LAURUSLABS,EQ,INE947Q01028,,1,1,1,,1,,1,1,,1,1,,,,
MRF Ltd.,Automobile and Auto Components,MRF,EQ,INE883A01011,,1,1,1,,1,,1,1,1,1,1,,,,
Mahindra & Mahindra Financial Services Ltd.,Financial Services,M&MFIN,EQ,INE774D01024,,1,1,1,,1,,1,1,1,,1,,,,
Manappuram Finance Ltd.,Financial Services,MANAPPURAM,EQ,INE522D01027,,1,1,1,,1,,1,1,,,1,,,,
Max Financial Services Ltd.,Financial Services,MFSL,EQ,INE180A01020,,1,1,1,,1,,1,1,1,,1,,,,
Max Healthcare Institute Ltd.,Healthcare,MAXHEALTH,EQ,INE027H01010,,1,1,1,,1,,1,1,,,1,,,,
Metropolis Healthcare Ltd.,Healthcare,METROPOLIS,EQ,INE112L01020,,1,1,1,,1,,1,1,,,1,,,,
MphasiS Ltd.,Information Technology,MPHASIS,EQ,INE356A01018,,1,1,1,,1,,1,1,1,1,1,,,,
National Aluminium Co. Ltd.,Metals & Mining,NATIONALUM,EQ,INE139A01034,,1,1,1,,1,,1,1,,,1,,,,
Navin Fluorine International Ltd.,Chemicals,NAVINFLUOR,EQ,INE048G01026,,1,1,1,,1,,1,1,,,1,,,,
Nippon Life India Asset Management Ltd.,Financial Services,NAM-INDIA,EQ,INE298J01013,,1,1,1,,1,,1,1,,,1,,,,
Oberoi Realty Ltd.,Realty,OBEROIRLTY,EQ,INE093I01010,,1,1,1,,1,,1,1,,,1,,,,
Oil India Ltd.,Oil Gas & Consumable Fuels,OIL,EQ,INE274J01014,,1,1,1,,1,,1,1,,,1,,,,
Oracle Financial Services Software Ltd.,Information Technology,OFSS,EQ,INE881D01027,,1,1,1,,1,,1,1,1,,1,,,,
PB Fintech Ltd.,Financial Services,POLICYBZR,EQ,INE417T01026,,1,1,1,,1,,1,1,,,1,,,,
Page Industries Ltd.,Textiles,PAGEIND,EQ,INE761H01022,,1,1,1,,1,,1,1,1,1,1,,,,
Persistent Systems Ltd.,Information Technology,PERSISTENT,EQ,INE262H01013,,1,1,1,,1,,1,1,,1,1,,,,
Petronet LNG Ltd.,Oil Gas & Consumable Fuels,PETRONET,EQ,INE347G01014,,1,1,1,,1,,1,1,1,,1,,,,
Polycab India Ltd.,Capital Goods,POLYCAB,EQ,INE455K01017,,1,1,1,,1,,1,1,,,1,,,,
Power Finance Corporation Ltd.,Financial Services,PFC,EQ,INE134E01011,,1,1,1,,1,,1,1,1,,1,,,,
Prestige Estates Projects Ltd.,Realty,PRESTIGE,EQ,INE811K01011,,1,1,1,,1,,1,1,,,1,,,,
REC Ltd.,Financial Services,RECLTD,EQ,INE020B01018,,1,1,1,,1,,1,1,1,,1,,,,
Shriram Transport Finance Co. Ltd.,Financial Services,SRTRANSFIN,EQ,INE721A01013,,1,1,1,,1,,1,1,1,1,1,,,,
Sona BLW Precision Forgings Ltd.,Automobile and Auto Components,SONACOMS,EQ,INE073K01018,,1,1,1,,1,,1,1,,,1,,,,
Sun TV Network Ltd.,Media Entertainment & Publication,SUNTV,EQ,INE424H01027,,1,1,1,,1,,1,1,1,,1,,,,
Syngene International Ltd.,Healthcare,SYNGENE,EQ,INE398R01022,,1,1,1,,1,,1,1,,,1,,,,
TVS Motor Company Ltd.,Automobile and Auto Components,TVSMOTOR,EQ,INE494B01023,,1,1,1,,1,,1,1,1,1,1,,,,
Tata Chemicals Ltd.,Chemicals,TATACHEM,EQ,INE092A01019,,1,1,1,,1,,1,1,,,1,,,,
Tata Communications Ltd.,Telecommunication,TATACOMM,EQ,INE151A01013,,1,1,1,,1,,1,1,1,,1,,,,
Tata Elxsi Ltd.,Information Technology,TATAELXSI,EQ,INE670A01012,,1,1,1,,1,,1,1,,,1,,,,
Tata Power Co. Ltd.,Power,TATAPOWER,EQ,INE245A01021,,1,1,1,,1,,1,1,1,1,1,,,,
The Ramco Cements Ltd.,Construction Materials,RAMCOCEM,EQ,INE331A01037,,1,1,1,,1,,1,1,1,,1,,,,
Torrent Power Ltd.,Power,TORNTPOWER,EQ,INE813H01021,,1,1,1,,1,,1,1,1,,1,,,,
Trent Ltd.,Consumer Services,TRENT,EQ,INE849A01020,,1,1,1,,1,,1,1,1,1,1,,,,
Trident Ltd.,Textiles,TRIDENT,EQ,INE064C01022,,1,1,1,,1,,1,1,,,1,,,,
Union Bank of India,Financial Services,UNIONBANK,EQ,INE692A01016,,1,1,1,,1,,1,1,,,1,,,,
United Breweries Ltd.,Fast Moving Consumer Goods,UBL,EQ,INE686F01025,,1,1,1,,1,,1,1,1,,1,,,,
Varun Beverages Ltd.,Fast Moving Consumer Goods,VBL,EQ,INE200M01013,,1,1,1,,1,,1,1,,,1,,,,
Vodafone Idea Ltd.,Telecommunication,IDEA,EQ,INE669E01016,,1,1,1,,1,,1,1,1,,1,,,,
Voltas Ltd.,Consumer Durables,VOLTAS,EQ,INE226A01021,,1,1,1,,1,,1,1,1,1,1,,,,
Whirlpool of India Ltd.,Consumer Durables,WHIRLPOOL,EQ,INE716A01013,,1,1,1,,1,,1,1,,,1,,,,
Yes Bank Ltd.,Financial Services,YESBANK,EQ,INE528G01035,,1,1,1,,1,,1,1,,,1,,,,
Zee Entertainment Enterprises Ltd.,Media Entertainment & Publication,ZEEL,EQ,INE256A01028,,1,1,1,,1,,1,1,1,1,1,,,,
3M India Ltd.,Diversified,3MINDIA,EQ,INE470A01017,,,1,1,,1,,,1,,,1,,,,
AIA Engineering Ltd.,Capital Goods,AIAENG,EQ,INE212H01026,,,1,1,,1,,,1,,,1,,,,
APL Apollo Tubes Ltd.,Capital Goods,APLAPOLLO,EQ,INE702C01027,,,1,1,,1,,,1,,,1,,,,
Aarti Drugs Ltd.,Healthcare,AARTIDRUGS,EQ,INE767A01016,,,1,1,,,,,,,,1,,,1,
Aavas Financiers Ltd.,Financial Services,AAVAS,EQ,INE216P01012,,,1,1,,1,,,1,,,1,,,,
Aditya Birla Sun Life AMC Ltd.,Financial Services,ABSLAMC,EQ,INE404A01024,,,1,1,,,,,,,,1,,,1,
Advanced Enzyme Tech Ltd.,Fast Moving Consumer Goods,ADVENZYMES,EQ,INE837H01020,,,1,1,,,,,,,,1,,,1,
Aegis Logistics Ltd.,Oil Gas & Consumable Fuels,AEGISCHEM,EQ,INE208C01025,,,1,1,,,,,,,,1,,1,1,
Affle (India) Ltd.,Information Technology,AFFLE,EQ,INE00WC01027,,,1,1,,1,,,1,,,1,,,,
Ajanta Pharmaceuticals Ltd.,Healthcare,AJANTPHARM,EQ,INE031B01049,,,1,1,,1,,,1,,,1,,,,
Alkyl Amines Chemicals Ltd.,Chemicals,ALKYLAMINE,EQ,INE150B01039,,,1,1,,1,,,1,,,1,,,,
Allcargo Logistics Ltd.,Services,ALLCARGO,EQ,INE418H01029,,,1,1,,,,,,,,1,,1,1,
Alok Industries Ltd.,Textiles,ALOKINDS,BE,INE270A01029,,,1,1,,,,,,,,1,,1,1,1
Amara Raja Batteries Ltd.,Automobile and Auto Components,AMARAJABAT,EQ,INE885A01032,,,1,1,,,,,,,,1,,1,1,1
Amber Enterprises India Ltd.,Consumer Durables,AMBER,EQ,INE371P01015,,,1,1,,,,,,,,1,,1,1,1
Angel One Ltd.,Financial Services,ANGELONE,EQ,INE732I01013,,,1,1,,,,,,,,1,,1,1,1
Anupam Rasayan India Ltd.,Chemicals,ANURAS,EQ,INE930P01018,,,1,1,,,,,,,,1,,1,1,1
Aptus Value Housing Finance India Ltd.,Financial Services,APTUS,EQ,INE852O01025,,,1,1,,,,,,,,1,,1,1,
Asahi India Glass Ltd.,Automobile and Auto Components,ASAHIINDIA,EQ,INE439A01020,,,1,1,,,,,,,,1,,,1,
Aster DM Healthcare Ltd.,Healthcare,ASTERDM,EQ,INE914M01019,,,1,1,,,,,,,,1,,,1,
AstraZenca Pharma India Ltd.,Healthcare,ASTRAZEN,EQ,INE203A01020,,,1,1,,,,,,,,1,,,1,
Atul Ltd.,Chemicals,ATUL,EQ,INE100A01010,,,1,1,,1,,,1,,,1,,,,
Avanti Feeds Ltd.,Fast Moving Consumer Goods,AVANTIFEED,EQ,INE871C01038,,,1,1,,,,,,,,1,,1,1,
BASF India Ltd.,Chemicals,BASF,EQ,INE373A01013,,,1,1,,,,,,,,1,,1,1,
BSE Ltd.,Financial Services,BSE,EQ,INE118H01025,,,1,1,,,,,,,,1,,1,1,
Bajaj Electricals Ltd,Consumer Durables,BAJAJELEC,EQ,INE193E01025,,,1,1,,,,,,,,1,,1,1,1
Balaji Amines Ltd.,Chemicals,BALAMINES,EQ,INE050E01027,,,1,1,,,,,,,,1,,1,1,1
Balrampur Chini Mills Ltd.,Fast Moving Consumer Goods,BALRAMCHIN,EQ,INE119A01028,,,1,1,,,,,,,,1,,1,1,
Bank of Maharashtra,Financial Services,MAHABANK,EQ,INE457A01014,,,1,1,,,,,,,,1,,1,1,1
Bayer Cropscience Ltd.,Chemicals,BAYERCROP,EQ,INE462A01022,,,1,1,,1,,,1,,,1,,,,
Bharat Dynamics Ltd.,Capital Goods,BDL,EQ,INE171Z01018,,,1,1,,,,,,,,1,,1,1,
Birla Corporation Ltd.,Construction Materials,BIRLACORPN,EQ,INE340A01012,,,1,1,,,,,,,,1,,1,1,1
Birlasoft Ltd.,Information Technology,BSOFT,EQ,INE836A01035,,,1,1,,,,,,,,1,,1,1,1
Blue Dart Express Ltd.,Services,BLUEDART,EQ,INE233B01017,,,1,1,,1,,,1,,,1,,,,
Blue Star Ltd.,Consumer Durables,BLUESTARCO,EQ,INE472A01039,,,1,1,,,,,,,,1,,,1,
Bombay Burmah Trading Corporation Ltd.,Fast Moving Consumer Goods,BBTC,EQ,INE050A01025,,,1,1,,,,,,,,1,,,1,
Borosil Renewables Ltd.,Capital Goods,BORORENEW,EQ,INE666D01022,,,1,1,,,,,,,,1,,,1,
Brigade Enterprises Ltd.,Realty,BRIGADE,EQ,INE791I01019,,,1,1,,,,,,,,1,,1,1,
Brightcom Group Ltd.,Information Technology,BCG,EQ,INE425B01027,,,1,1,,,,,,,,1,,1,1,
C.E. Info Systems Ltd.,Information Technology,MAPMYINDIA,EQ,INE0BV301023,,,1,1,,,,,,,,1,,1,1,
CCL Products (I) Ltd.,Fast Moving Consumer Goods,CCL,EQ,INE421D01022,,,1,1,,,,,,,,1,,,1,
CESC Ltd.,Power,CESC,EQ,INE486A01021,,,1,1,,,,,,,,1,,1,1,1
CG Power and Industrial Solutions Ltd.,Capital Goods,CGPOWER,EQ,INE067A01029,,,1,1,,1,,,1,,,1,,,,
CRISIL Ltd.,Financial Services,CRISIL,EQ,INE007A01025,,,1,1,,1,,,1,,,1,,,,
CSB Bank Ltd.,Financial Services,CSBBANK,EQ,INE679A01013,,,1,1,,,,,,,,1,,,1,
Can Fin Homes Ltd.,Financial Services,CANFINHOME,EQ,INE477A01020,,,1,1,,,,,,,,1,,1,1,1
Caplin Point Laboratories Ltd.,Healthcare,CAPLIPOINT,EQ,INE475E01026,,,1,1,,,,,,,,1,,,1,
Capri Global Capital Ltd.,Financial Services,CGCL,EQ,INE180C01026,,,1,1,,,,,,,,1,,,1,
Carborundum Universal Ltd.,Capital Goods,CARBORUNIV,EQ,INE120A01034,,,1,1,,,,,,,,1,,1,1,
Castrol India Ltd.,Oil Gas & Consumable Fuels,CASTROLIND,EQ,INE172A01027,,,1,1,,,,,,,,1,,,1,
Ceat Ltd.,Automobile and Auto Components,CEATLTD,EQ,INE482A01020,,,1,1,,,,,,,,1,,,1,
Central Bank of India,Financial Services,CENTRALBK,EQ,INE483A01010,,,1,1,,,,,,,,1,,1,1,1
Central Depository Services (India) Ltd.,Financial Services,CDSL,EQ,INE736A01011,,,1,1,,,,,,,,1,,1,1,1
Century Plyboards (India) Ltd.,Consumer Durables,CENTURYPLY,EQ,INE348B01021,,,1,1,,,,,,,,1,,,1,
Century Textile & Industries Ltd.,Forest Materials,CENTURYTEX,EQ,INE055A01016,,,1,1,,,,,,,,1,,1,1,
Cera Sanitaryware Ltd,Consumer Durables,CERA,EQ,INE739E01017,,,1,1,,,,,,,,1,,,1,
Chalet Hotels Ltd.,Consumer Services,CHALET,EQ,INE427F01016,,,1,1,,,,,,,,1,,,1,
Chambal Fertilizers & Chemicals Ltd.,Chemicals,CHAMBLFERT,EQ,INE085A01013,,,1,1,,,,,,,,1,,1,1,1
Chemplast Sanmar Ltd.,Chemicals,CHEMPLASTS,EQ,INE488A01050,,,1,1,,,,,,,,1,,1,1,1
Cholamandalam Financial Holdings Ltd.,Financial Services,CHOLAHLDNG,EQ,INE149A01033,,,1,1,,,,,,,,1,,,1,
City Union Bank Ltd.,Financial Services,CUB,EQ,INE491A01021,,,1,1,,,,,,,,1,,1,1,
Cochin Shipyard Ltd.,Capital Goods,COCHINSHIP,EQ,INE704P01017,,,1,1,,,,,,,,1,,,1,
Computer Age Management Services Ltd.,Financial Services,CAMS,EQ,INE596I01012,,,1,1,,,,,,,,1,,1,1,1
CreditAccess Grameen Ltd.,Financial Services,CREDITACC,EQ,INE741K01010,,,1,1,,,,,,,,1,,,1,
Cyient Ltd.,Information Technology,CYIENT,EQ,INE136B01020,,,1,1,,,,,,,,1,,1,1,1
DCM Shriram Ltd.,Diversified,DCMSHRIRAM,EQ,INE499A01024,,,1,1,,,,,,,,1,,1,1,
Delta Corp Ltd.,Consumer Services,DELTACORP,EQ,INE124G01033,,,1,1,,,,,,,,1,,1,1,
Devyani International Ltd.,Consumer Services,DEVYANI,EQ,INE872J01023,,,1,1,,,,,,,,1,,1,1,1
Dhani Services Ltd.,Financial Services,DHANI,EQ,INE274G01010,,,1,1,,,,,,,,1,,,1,
Dilip Buildcon Ltd.,Construction,DBL,EQ,INE917M01012,,,1,1,,,,,,,,1,,1,1,1
E.I.D. Parry (India) Ltd.,Fast Moving Consumer Goods,EIDPARRY,EQ,INE126A01031,,,1,1,,,,,,,,1,,1,1,
EIH Ltd.,Consumer Services,EIHOTEL,EQ,INE230A01023,,,1,1,,,,,,,,1,,,1,
EPL Ltd.,Capital Goods,EPL,EQ,INE255A01020,,,1,1,,,,,,,,1,,,1,
Easy Trip Planners Ltd.,Consumer Services,EASEMYTRIP,EQ,INE07O001018,,,1,1,,,,,,,,1,,,1,
Edelweiss Financial Services Ltd.,Financial Services,EDELWEISS,EQ,INE532F01054,,,1,1,,,,,,,,1,,1,1,
Elgi Equipments Ltd.,Capital Goods,ELGIEQUIP,EQ,INE285A01027,,,1,1,,,,,,,,1,,,1,
Endurance Technologies Ltd.,Automobile and Auto Components,ENDURANCE,EQ,INE913H01037,,,1,1,,1,,,1,,,1,,,,
Engineers India Ltd.,Construction,ENGINERSIN,EQ,INE510A01028,,,1,1,,,,,,,,1,,,1,
Equitas Holdings Ltd.,Financial Services,EQUITAS,EQ,INE988K01017,,,1,1,,,,,,,,1,,,1,
Equitas Small Finance Bank Ltd.,Financial Services,EQUITASBNK,EQ,INE063P01018,,,1,1,,,,,,,,1,,,1,
Eris Lifesciences Ltd.,Healthcare,ERIS,EQ,INE406M01024,,,1,1,,,,,,,,1,,,1,
FDC Ltd.,Healthcare,FDC,EQ,INE258B01022,,,1,1,,,,,,,,1,,,1,
Fertilisers and Chemicals Travancore Ltd.,Chemicals,FACT,EQ,INE188A01015,,,1,1,,,,,,,,1,,,1,
Fine Organic Industries Ltd.,Chemicals,FINEORG,EQ,INE686Y01026,,,1,1,,,,,,,,1,,1,1,
Finolex Cables Ltd.,Capital Goods,FINCABLES,EQ,INE235A01022,,,1,1,,,,,,,,1,,,1,
Finolex Industries Ltd.,Capital Goods,FINPIPE,EQ,INE183A01024,,,1,1,,,,,,,,1,,,1,
Firstsource Solutions Ltd.,Information Technology,FSL,EQ,INE684F01012,,,1,1,,,,,,,,1,,1,1,1
G R Infraprojects Ltd.,Construction,GRINFRA,EQ,INE201P01022,,,1,1,,,,,,,,1,,,1,
GMM Pfaudler Ltd.,Capital Goods,GMMPFAUDLR,EQ,INE541A01023,,,1,1,,,,,,,,1,,1,1,
GMR Infrastructure Ltd.,Services,GMRINFRA,EQ,INE776C01039,,,1,1,,1,,,1,,,1,,,,
Galaxy Surfactants Ltd.,Chemicals,GALAXYSURF,EQ,INE600K01018,,,1,1,,,,,,,,1,,,1,
Garware Technical Fibres Ltd.,Textiles,GARFIBRES,EQ,INE276A01018,,,1,1,,,,,,,,1,,,1,
General Insurance Corporation of India,Financial Services,GICRE,EQ,INE481Y01014,,,1,1,,1,,,1,,,1,,,,
Glaxosmithkline Pharmaceuticals Ltd.,Healthcare,GLAXO,EQ,INE159A01016,,,1,1,,1,,,1,,,1,,,,
Glenmark Life Sciences Ltd.,Healthcare,GLS,EQ,INE03Q201024,,,1,1,,,,,,,,1,,,1,
Go Fashion (India) Ltd.,Consumer Services,GOCOLORS,EQ,INE0BJS01011,,,1,1,,,,,,,,1,,,1,
Godfrey Phillips India Ltd.,Fast Moving Consumer Goods,GODFRYPHLP,EQ,INE260B01028,,,1,1,,,,,,,,1,,,1,
Godrej Agrovet Ltd.,Fast Moving Consumer Goods,GODREJAGRO,EQ,INE850D01014,,,1,1,,,,,,,,1,,,1,
Godrej Industries Ltd.,Fast Moving Consumer Goods,GODREJIND,EQ,INE233A01035,,,1,1,,1,,,1,,,1,,,,
Granules India Ltd.,Healthcare,GRANULES,EQ,INE101D01020,,,1,1,,,,,,,,1,,1,1,1
Graphite India Ltd.,Capital Goods,GRAPHITE,EQ,INE371A01025,,,1,1,,,,,,,,1,,1,1,1
Great Eastern Shipping Co. Ltd.,Services,GESHIP,EQ,INE017A01032,,,1,1,,,,,,,,1,,,1,
Grindwell Norton Ltd.,Capital Goods,GRINDWELL,EQ,INE536A01023,,,1,1,,1,,,1,,,1,,,,
Gujarat Alkalies & Chemicals Ltd.,Chemicals,GUJALKALI,EQ,INE186A01019,,,1,1,,,,,,,,1,,,1,
Gujarat Ambuja Exports Ltd.,Fast Moving Consumer Goods,GAEL,EQ,INE036B01030,,,1,1,,,,,,,,1,,,1,
Gujarat Fluorochemicals Ltd.,Chemicals,FLUOROCHEM,EQ,INE09N301011,,,1,1,,1,,,1,,,1,,,,
Gujarat Narmada Valley Fertilizers and Chemicals Ltd.,Chemicals,GNFC,EQ,INE113A01013,,,1,1,,,,,,,,1,,1,1,
Gujarat Pipavav Port Ltd.,Services,GPPL,EQ,INE517F01014,,,1,1,,,,,,,,1,,,1,
Gujarat State Fertilizers & Chemicals Ltd.,Chemicals,GSFC,EQ,INE026A01025,,,1,1,,,,,,,,1,,,1,
H.E.G. Ltd.,Capital Goods,HEG,EQ,INE545A01016,,,1,1,,,,,,,,1,,1,1,1
HFCL Ltd.,Telecommunication,HFCL,EQ,INE548A01028,,,1,1,,,,,,,,1,,1,1,1
HLE Glascoat Ltd.,Capital Goods,HLEGLAS,EQ,INE461D01010,,,1,1,,,,,,,,1,,,1,
Happiest Minds Technologies Ltd.,Information Technology,HAPPSTMNDS,EQ,INE419U01012,,,1,1,,1,,,1,,,1,,,,
Hathway Cable & Datacom Ltd.,Media Entertainment & Publication,HATHWAY,EQ,INE982F01036,,,1,1,,,,,,,,1,,,1,
Hatsun Agro Product Ltd.,Fast Moving Consumer Goods,HATSUN,EQ,INE473B01035,,,1,1,,1,,,1,,,1,,,,
Hemisphere Properties India Ltd.,Realty,HEMIPROP,EQ,INE0AJG01018,,,1,1,,,,,,,,1,,,1,
Hikal Ltd.,Healthcare,HIKAL,EQ,INE475B01022,,,1,1,,,,,,,,1,,,1,
Hinduja Global Solutions Ltd.,Services,HGS,EQ,INE170I01016,,,1,1,,,,,,,,1,,,1,
Hindustan Copper Ltd.,Metals & Mining,HINDCOPPER,EQ,INE531E01026,,,1,1,,,,,,,,1,,1,1,1
Hitachi Energy India Ltd.,Capital Goods,POWERINDIA,EQ,INE07Y701011,,,1,1,,,,,,,,1,,,1,
Home First Finance Company India Ltd.,Financial Services,HOMEFIRST,EQ,INE481N01025,,,1,1,,,,,,,,1,,,1,
Housing & Urban Development Corporation Ltd.,Financial Services,HUDCO,EQ,INE031A01017,,,1,1,,,,,,,,1,,,1,
IDFC Ltd.,Financial Services,IDFC,EQ,INE043D01016,,,1,1,,,,,,,,1,,1,1,1
IFB Industries Ltd.,Consumer Durables,IFBIND,EQ,INE559A01017,,,1,1,,,,,,,,1,,,1,
IIFL Finance Ltd.,Financial Services,IIFL,EQ,INE530B01024,,,1,1,,,,,,,,1,,,1,
IIFL Wealth Management Ltd.,Financial Services,IIFLWAM,EQ,INE466L01020,,,1,1,,,,,,,,1,,,1,
IRB Infrastructure Developers Ltd.,Construction,IRB,EQ,INE821I01014,,,1,1,,,,,,,,1,,1,1,
IRCON International Ltd.,Construction,IRCON,EQ,INE962Y01021,,,1,1,,,,,,,,1,,,1,
ITI Ltd.,Telecommunication,ITI,EQ,INE248A01017,,,1,1,,,,,,,,1,,,1,
India Cements Ltd.,Construction Materials,INDIACEM,EQ,INE383A01012,,,1,1,,,,,,,,1,,,1,
Indiabulls Housing Finance Ltd.,Financial Services,IBULHSGFIN,EQ,INE148I01020,,,1,1,,,,,,,,1,,1,1,1
Indiabulls Real Estate Ltd.,Realty,IBREALEST,EQ,INE069I01010,,,1,1,,,,,,,,1,,,1,
Indian Overseas Bank,Financial Services,IOB,EQ,INE565A01014,,,1,1,,,,,,,,1,,1,1,1
Indian Railway Finance Corporation Ltd.,Financial Services,IRFC,EQ,INE053F01010,,,1,1,,1,,,1,,,1,,,,
Indigo Paints Ltd.,Consumer Durables,INDIGOPNTS,EQ,INE09VQ01012,,,1,1,,,,,,,,1,,1,1,1
Indo Count Industries Ltd.,Textiles,ICIL,EQ,INE483B01026,,,1,1,,,,,,,,1,,,1,
Indoco Remedies Ltd.,Healthcare,INDOCO,EQ,INE873D01024,,,1,1,,,,,,,,1,,,1,
Infibeam Avenues Ltd.,Information Technology,INFIBEAM,EQ,INE483S01020,,,1,1,,,,,,,,1,,,1,
Inox Leisure Ltd.,Media Entertainment & Publication,INOXLEISUR,EQ,INE312H01016,,,1,1,,,,,,,,1,,,1,
Intellect Design Arena Ltd.,Information Technology,INTELLECT,EQ,INE306R01017,,,1,1,,,,,,,,1,,1,1,1
J.B. Chemicals & Pharmaceuticals Ltd.,Healthcare,JBCHEPHARM,EQ,INE572A01028,,,1,1,,,,,,,,1,,1,1,1
J.K. Cement Ltd.,Construction Materials,JKCEMENT,EQ,INE823G01014,,,1,1,,1,,,1,,,1,,,,
JK Lakshmi Cement Ltd.,Construction Materials,JKLAKSHMI,EQ,INE786A01032,,,1,1,,,,,,,,1,,1,1,
JK Paper Ltd.,Forest Materials,JKPAPER,EQ,INE789E01012,,,1,1,,,,,,,,1,,,1,
JM Financial Ltd.,Financial Services,JMFINANCIL,EQ,INE780C01023,,,1,1,,,,,,,,1,,1,1,
Jamna Auto Industries Ltd.,Automobile and Auto Components,JAMNAAUTO,EQ,INE039C01032,,,1,1,,,,,,,,1,,,1,
Jindal Stainless Ltd.,Metals & Mining,JSL,EQ,INE220G01021,,,1,1,,,,,,,,1,,1,1,
Jubilant Ingrevia Ltd.,Chemicals,JUBLINGREA,EQ,INE0BY001018,,,1,1,,,,,,,,1,,1,1,1
Jubilant Pharmova Ltd.,Healthcare,JUBLPHARMA,EQ,INE700A01033,,,1,1,,,,,,,,1,,,1,
Justdial Ltd.,Consumer Services,JUSTDIAL,EQ,INE599M01018,,,1,1,,,,,,,,1,,1,1,
Jyothy Labs Ltd.,Fast Moving Consumer Goods,JYOTHYLAB,EQ,INE668F01031,,,1,1,,,,,,,,1,,,1,
K.P.R. Mill Ltd.,Textiles,KPRMILL,EQ,INE930H01031,,,1,1,,,,,,,,1,,,1,
KEI Industries Ltd.,Capital Goods,KEI,EQ,INE878B01027,,,1,1,,,,,,,,1,,1,1,
KNR Constructions Ltd.,Construction,KNRCON,EQ,INE634I01029,,,1,1,,,,,,,,1,,,1,
KPIT Technologies Ltd.,Information Technology,KPITTECH,EQ,INE04I401011,,,1,1,,,,,,,,1,,1,1,1
KRBL Ltd.,Fast Moving Consumer Goods,KRBL,EQ,INE001B01026,,,1,1,,,,,,,,1,,,1,
Kajaria Ceramics Ltd.,Consumer Durables,KAJARIACER,EQ,INE217B01036,,,1,1,,1,,,1,,,1,,,,
Kalpataru Power Transmission Ltd.,Construction,KALPATPOWR,EQ,INE220B01022,,,1,1,,,,,,,,1,,,1,
Kalyan Jewellers India Ltd.,Consumer Durables,KALYANKJIL,EQ,INE303R01014,,,1,1,,,,,,,,1,,1,1,
Kansai Nerolac Paints Ltd.,Consumer Durables,KANSAINER,EQ,INE531A01024,,,1,1,,1,,,1,,,1,,,,
Karur Vysya Bank Ltd.,Financial Services,KARURVYSYA,EQ,INE036D01028,,,1,1,,,,,,,,1,,,1,
Kec International Ltd.,Capital Goods,KEC,EQ,INE389H01022,,,1,1,,,,,,,,1,,1,1,
Krishna Institute of Medical Sciences Ltd.,Healthcare,KIMS,EQ,INE967H01017,,,1,1,,,,,,,,1,,,1,
Lakshmi Machine Works Ltd.,Capital Goods,LAXMIMACH,EQ,INE269B01029,,,1,1,,,,,,,,1,,,1,
Latent View Analytics Ltd.,Information Technology,LATENTVIEW,EQ,INE0I7C01011,,,1,1,,,,,,,,1,,1,1,1
Laxmi Organic Industries Ltd.,Chemicals,LXCHEM,EQ,INE576O01020,,,1,1,,,,,,,,1,,1,1,1
Linde India Ltd.,Chemicals,LINDEINDIA,EQ,INE473A01011,,,1,1,,1,,,1,,,1,,,,
Lux Industries Ltd.,Textiles,LUXIND,EQ,INE150G01020,,,1,1,,,,,,,,1,,1,1,
MMTC Ltd.,Services,MMTC,EQ,INE123F01029,,,1,1,,,,,,,,1,,1,1,
MOIL Ltd.,Metals & Mining,MOIL,EQ,INE490G01020,,,1,1,,,,,,,,1,,,1,
MTAR Technologies Ltd.,Capital Goods,MTARTECH,EQ,INE864I01014,,,1,1,,,,,,,,1,,,1,
Macrotech Developers Ltd.,Realty,LODHA,EQ,INE670K01029,,,1,1,,1,,,1,,,1,,,,
Mahanagar Gas Ltd.,Oil Gas & Consumable Fuels,MGL,EQ,INE002S01010,,,1,1,,,,,,,,1,,1,1,
Mahindra CIE Automotive Ltd.,Automobile and Auto Components,MAHINDCIE,EQ,INE536H01010,,,1,1,,,,,,,,1,,,1,
Mahindra Holidays & Resorts India Ltd.,Consumer Services,MHRIL,EQ,INE998I01010,,,1,1,,,,,,,,1,,,1,
Mahindra Logistics Ltd.,Services,MAHLOG,EQ,INE766P01016,,,1,1,,,,,,,,1,,,1,
Mangalore Refinery & Petrochemicals Ltd.,Oil Gas & Consumable Fuels,MRPL,EQ,INE103A01014,,,1,1,,,,,,,,1,,,1,
Mastek Ltd.,Information Technology,MASTEK,EQ,INE759A01021,,,1,1,,,,,,,,1,,1,1,
Mazagoan Dock Shipbuilders Ltd.,Capital Goods,MAZDOCK,EQ,INE249Z01012,,,1,1,,,,,,,,1,,,1,
Medplus Health Services Ltd.,Consumer Services,MEDPLUS,EQ,INE804L01022,,,1,1,,,,,,,,1,,1,1,1
Metro Brands Ltd.,Consumer Durables,METROBRAND,EQ,INE317I01021,,,1,1,,,,,,,,1,,1,1,1
Minda Industries Ltd.,Automobile and Auto Components,MINDAIND,EQ,INE405E01023,,,1,1,,1,,,1,,,1,,,,
Motilal Oswal Financial Services Ltd.,Financial Services,MOTILALOFS,EQ,INE338I01027,,,1,1,,,,,,,,1,,1,1,
Multi Commodity Exchange of India Ltd.,Financial Services,MCX,EQ,INE745G01035,,,1,1,,,,,,,,1,,1,1,1
NATCO Pharma Ltd.,Healthcare,NATCOPHARM,EQ,INE987B01026,,,1,1,,1,,,1,,,1,,,,
NBCC (India) Ltd.,Construction,NBCC,EQ,INE095N01031,,,1,1,,,,,,,,1,,1,1,1
NCC Ltd.,Construction,NCC,EQ,INE868B01028,,,1,1,,,,,,,,1,,,1,
NESCO Ltd.,Services,NESCO,EQ,INE317F01035,,,1,1,,,,,,,,1,,,1,
NHPC Ltd.,Power,NHPC,EQ,INE848E01016,,,1,1,,1,,,1,,,1,,,,
NLC India Ltd.,Power,NLCINDIA,EQ,INE589A01014,,,1,1,,,,,,,,1,,,1,
NOCIL Ltd.,Chemicals,NOCIL,EQ,INE163A01018,,,1,1,,,,,,,,1,,,1,
Narayana Hrudayalaya Ltd.,Healthcare,NH,EQ,INE410P01011,,,1,1,,,,,,,,1,,,1,
Nazara Technologies Ltd.,Media Entertainment & Publication,NAZARA,EQ,INE418L01021,,,1,1,,,,,,,,1,,,1,
Network18 Media & Investments Ltd.,Media Entertainment & Publication,NETWORK18,EQ,INE870H01013,,,1,1,,,,,,,,1,,,1,
Nuvoco Vistas Corporation Ltd.,Construction Materials,NUVOCO,EQ,INE118D01016,,,1,1,,1,,,1,,,1,,,,
Orient Electric Ltd.,Consumer Durables,ORIENTELEC,EQ,INE142Z01019,,,1,1,,,,,,,,1,,,1,
PCBL Ltd.,Chemicals,PCBL,EQ,INE602A01031,,,1,1,,,,,,,,1,,,1,
PNB Housing Finance Ltd.,Financial Services,PNBHOUSING,EQ,INE572E01012,,,1,1,,,,,,,,1,,1,1,1
PNC Infratech Ltd.,Construction,PNCINFRA,EQ,INE195J01029,,,1,1,,,,,,,,1,,,1,
PVR Ltd.,Media Entertainment & Publication,PVR,EQ,INE191H01014,,,1,1,,,,,,,,1,,1,1,1
Pfizer Ltd.,Healthcare,PFIZER,EQ,INE182A01018,,,1,1,,1,,,1,,,1,,,,
Phoenix Mills Ltd.,Realty,PHOENIXLTD,EQ,INE211B01039,,,1,1,,1,,,1,,,1,,,,
Poly Medicure Ltd.,Healthcare,POLYMED,EQ,INE205C01021,,,1,1,,,,,,,,1,,,1,
Polyplex Corporation Ltd.,Capital Goods,POLYPLEX,EQ,INE633B01018,,,1,1,,,,,,,,1,,,1,
Poonawalla Fincorp Ltd.,Financial Services,POONAWALLA,EQ,INE511C01022,,,1,1,,,,,,,,1,,1,1,1
Praj Industries Ltd.,Capital Goods,PRAJIND,EQ,INE074A01025,,,1,1,,,,,,,,1,,,1,
Prince Pipes and Fittings Ltd.,Capital Goods,PRINCEPIPE,EQ,INE689W01016,,,1,1,,,,,,,,1,,1,1,
Prism Johnson Ltd.,Construction Materials,PRSMJOHNSN,EQ,INE010A01011,,,1,1,,,,,,,,1,,,1,
Privi Speciality Chemicals Ltd.,Chemicals,PRIVISCL,EQ,INE959A01019,,,1,1,,,,,,,,1,,,1,
Procter & Gamble Health Ltd.,Healthcare,PGHL,EQ,INE199A01012,,,1,1,,,,,,,,1,,,1,
Quess Corp Ltd.,Services,QUESS,EQ,INE615P01015,,,1,1,,,,,,,,1,,1,1,
RBL Bank Ltd.,Financial Services,RBLBANK,EQ,INE976G01028,,,1,1,,,,,,,,1,,1,1,1
RHI MAGNESITA INDIA LTD.,Capital Goods,RHIM,EQ,INE743M01012,,,1,1,,,,,,,,1,,,1,
RITES Ltd.,Construction,RITES,EQ,INE320J01015,,,1,1,,,,,,,,1,,,1,
Radico Khaitan Ltd,Fast Moving Consumer Goods,RADICO,EQ,INE944F01028,,,1,1,,,,,,,,1,,1,1,1
Rail Vikas Nigam Ltd.,Construction,RVNL,EQ,INE415G01027,,,1,1,,,,,,,,1,,1,1,
Railtel Corporation Of India Ltd.,Telecommunication,RAILTEL,EQ,INE0DD101019,,,1,1,,,,,,,,1,,,1,
Rain Industries Ltd,Chemicals,RAIN,EQ,INE855B01025,,,1,1,,,,,,,,1,,1,1,
Rajesh Exports Ltd.,Consumer Durables,RAJESHEXPO,EQ,INE343B01030,,,1,1,,1,,,1,,,1,,,,
Rallis India Ltd.,Chemicals,RALLIS,EQ,INE613A01020,,,1,1,,,,,,,,1,,,1,
Rashtriya Chemicals & Fertilizers Ltd.,Chemicals,RCF,EQ,INE027A01015,,,1,1,,,,,,,,1,,,1,
Ratnamani Metals & Tubes Ltd.,Capital Goods,RATNAMANI,EQ,INE703B01027,,,1,1,,,,,,,,1,,,1,
RattanIndia Enterprises Ltd.,Services,RTNINDIA,EQ,INE834M01019,,,1,1,,,,,,,,1,,,1,
Redington (India) Ltd.,Services,REDINGTON,EQ,INE891D01026,,,1,1,,,,,,,,1,,1,1,
Relaxo Footwears Ltd.,Consumer Durables,RELAXO,EQ,INE131B01039,,,1,1,,1,,,1,,,1,,,,
Restaurant Brands Asia Ltd.,Consumer Services,RBA,EQ,INE07T201019,,,1,1,,,,,,,,1,,,1,
Rossari Biotech Ltd.,Chemicals,ROSSARI,EQ,INE02A801020,,,1,1,,,,,,,,1,,1,1,
Route Mobile Ltd.,Telecommunication,ROUTE,EQ,INE450U01017,,,1,1,,,,,,,,1,,1,1,1
SIS Ltd.,Services,SIS,EQ,INE285J01028,,,1,1,,,,,,,,1,,,1,
SJVN Ltd.,Power,SJVN,EQ,INE002L01015,,,1,1,,,,,,,,1,,,1,
SKF India Ltd.,Capital Goods,SKFINDIA,EQ,INE640A01023,,,1,1,,1,,,1,,,1,,,,
Sanofi India Ltd.,Healthcare,SANOFI,EQ,INE058A01010,,,1,1,,1,,,1,,,1,,,,
Sapphire Foods India Ltd.,Consumer Services,SAPPHIRE,EQ,INE806T01012,,,1,1,,,,,,,,1,,1,1,
Saregama India Ltd,Media Entertainment & Publication,SAREGAMA,EQ,INE979A01025,,,1,1,,,,,,,,1,,,1,
Schaeffler India Ltd.,Automobile and Auto Components,SCHAEFFLER,EQ,INE513A01022,,,1,1,,1,,,1,,,1,,,,
Sequent Scientific Ltd.,Healthcare,SEQUENT,EQ,INE807F01027,,,1,1,,,,,,,,1,,,1,
Sheela Foam Ltd.,Consumer Durables,SFL,EQ,INE916U01025,,,1,1,,,,,,,,1,,,1,
Shilpa Medicare Ltd.,Healthcare,SHILPAMED,EQ,INE790G01031,,,1,1,,,,,,,,1,,,1,
Shipping Corporation of India Ltd.,Services,SCI,EQ,INE109A01011,,,1,1,,,,,,,,1,,,1,
Shree Renuka Sugars Ltd.,Fast Moving Consumer Goods,RENUKA,EQ,INE087H01022,,,1,1,,,,,,,,1,,,1,
Shriram City Union Finance Ltd.,Financial Services,SHRIRAMCIT,EQ,INE722A01011,,,1,1,,,,,,,,1,,,1,
Shyam Metalics and Energy Ltd.,Metals & Mining,SHYAMMETL,EQ,INE810G01011,,,1,1,,,,,,,,1,,,1,
Sobha Ltd.,Realty,SOBHA,EQ,INE671H01015,,,1,1,,,,,,,,1,,1,1,
Solar Industries India Ltd.,Chemicals,SOLARINDS,EQ,INE343H01029,,,1,1,,1,,,1,,,1,,,,
Solara Active Pharma Sciences Ltd.,Healthcare,SOLARA,EQ,INE624Z01016,,,1,1,,,,,,,,1,,,1,
Sonata Software Ltd.,Information Technology,SONATSOFTW,EQ,INE269A01021,,,1,1,,,,,,,,1,,1,1,
Spicejet Ltd.,Services,SPICEJET,EQ,INE285B01017,,,1,1,,,,,,,,1,,,1,
Star Health and Allied Insurance Company Ltd.,Financial Services,STARHEALTH,EQ,INE575P01011,,,1,1,,1,,,1,,,1,,,,
Sterling and Wilson Renewable Energy Ltd.,Construction,SWSOLAR,EQ,INE00M201021,,,1,1,,,,,,,,1,,,1,
Sterlite Technologies Ltd.,Telecommunication,STLTECH,EQ,INE089C01029,,,1,1,,,,,,,,1,,1,1,1
Strides Pharma Science Ltd.,Healthcare,STAR,EQ,INE939A01011,,,1,1,,,,,,,,1,,,1,
Sudarshan Chemical Industries Ltd.,Chemicals,SUDARSCHEM,EQ,INE659A01023,,,1,1,,,,,,,,1,,,1,
Sumitomo Chemical India Ltd.,Chemicals,SUMICHEM,EQ,INE258G01013,,,1,1,,1,,,1,,,1,,,,
Sun Pharma Advanced Research Company Ltd.,Healthcare,SPARC,EQ,INE232I01014,,,1,1,,,,,,,,1,,1,1,
Sundaram Finance Ltd.,Financial Services,SUNDARMFIN,EQ,INE660A01013,,,1,1,,1,,,1,,,1,,,,
Sundram Fasteners Ltd.,Automobile and Auto Components,SUNDRMFAST,EQ,INE387A01021,,,1,1,,1,,,1,,,1,,,,
Sunteck Realty Ltd.,Realty,SUNTECK,EQ,INE805D01034,,,1,1,,,,,,,,1,,1,1,
Suprajit Engineering Ltd.,Automobile and Auto Components,SUPRAJIT,EQ,INE399C01030,,,1,1,,,,,,,,1,,,1,
Supreme Industries Ltd.,Capital Goods,SUPREMEIND,EQ,INE195A01028,,,1,1,,1,,,1,,,1,,,,
Suven Pharmaceuticals Ltd.,Healthcare,SUVENPHAR,EQ,INE03QK01018,,,1,1,,,,,,,,1,,,1,
Suzlon Energy Ltd.,Capital Goods,SUZLON,EQ,INE040H01021,,,1,1,,,,,,,,1,,1,1,
Symphony Ltd.,Consumer Durables,SYMPHONY,EQ,INE225D01027,,,1,1,,,,,,,,1,,,1,
TCI Express Ltd.,Services,TCIEXP,EQ,INE586V01016,,,1,1,,,,,,,,1,,,1,
TCNS Clothing Co. Ltd.,Textiles,TCNSBRANDS,EQ,INE778U01029,,,1,1,,,,,,,,1,,,1,
TTK Prestige Ltd.,Consumer Durables,TTKPRESTIG,EQ,INE690A01028,,,1,1,,,,,,,,1,,,1,
TV18 Broadcast Ltd.,Media Entertainment & Publication,TV18BRDCST,EQ,INE886H01027,,,1,1,,,,,,,,1,,1,1,
Tanla Platforms Ltd.,Information Technology,TANLA,EQ,INE483C01032,,,1,1,,,,,,,,1,,1,1,
Tata Coffee Ltd.,Fast Moving Consumer Goods,TATACOFFEE,EQ,INE493A01027,,,1,1,,,,,,,,1,,,1,
Tata Investment Corporation Ltd.,Financial Services,TATAINVEST,EQ,INE672A01018,,,1,1,,,,,,,,1,,,1,
Tata Motors Ltd DVR,Automobile and Auto Components,TATAMTRDVR,EQ,IN9155A01020,,,1,1,,,,,,,,,,,,
Tata Steel Long Products Ltd.,Capital Goods,TATASTLLP,EQ,INE674A01014,,,1,1,,,,,,,,1,,,1,
Tata Teleservices (Maharashtra) Ltd.,Telecommunication,TTML,EQ,INE517B01013,,,1,1,,1,,,1,,,1,,,,
Teamlease Services Ltd.,Services,TEAMLEASE,EQ,INE985S01024,,,1,1,,,,,,,,1,,,1,
The New India Assurance Company Ltd.,Financial Services,NIACL,EQ,INE470Y01017,,,1,1,,1,,,1,,,1,,,,
Thermax Ltd.,Capital Goods,THERMAX,EQ,INE152A01029,,,1,1,,1,,,1,,,1,,,,
Thyrocare Technologies Ltd.,Healthcare,THYROCARE,EQ,INE594H01019,,,1,1,,,,,,,,1,,,1,
Timken India Ltd.,Capital Goods,TIMKEN,EQ,INE325A01013,,,1,1,,,,,,,,1,,,1,
Triveni Engineering & Industries Ltd.,Fast Moving Consumer Goods,TRIVENI,EQ,INE256C01024,,,1,1,,,,,,,,1,,,1,
Triveni Turbine Ltd.,Capital Goods,TRITURBINE,EQ,INE152M01016,,,1,1,,,,,,,,1,,,1,
Tube Investments of India Ltd.,Automobile and Auto Components,TIINDIA,EQ,INE974X01010,,,1,1,,1,,,1,,,1,,,,
UCO Bank,Financial Services,UCOBANK,EQ,INE691A01018,,,1,1,,,,,,,,1,,,1,
UFLEX Ltd.,Capital Goods,UFLEX,EQ,INE516A01017,,,1,1,,,,,,,,1,,,1,
UTI Asset Management Company Ltd.,Financial Services,UTIAMC,EQ,INE094J01016,,,1,1,,,,,,,,1,,1,1,1
V-Guard Industries Ltd.,Consumer Durables,VGUARD,EQ,INE951I01027,,,1,1,,,,,,,,1,,,1,
V-Mart Retail Ltd.,Consumer Services,VMART,EQ,INE665J01013,,,1,1,,,,,,,,1,,,1,
V.I.P. Industries Ltd.,Consumer Durables,VIPIND,EQ,INE054A01027,,,1,1,,,,,,,,1,,1,1,
Vaibhav Global Ltd.,Consumer Services,VAIBHAVGBL,EQ,INE884A01027,,,1,1,,,,,,,,1,,,1,
Vakrangee Ltd.,Information Technology,VAKRANGEE,EQ,INE051B01021,,,1,1,,,,,,,,1,,,1,
Vardhman Textiles Ltd.,Textiles,VTL,EQ,INE825A01020,,,1,1,,,,,,,,1,,1,1,
Varroc Engineering Ltd.,Automobile and Auto Components,VARROC,EQ,INE665L01035,,,1,1,,,,,,,,1,,,1,
Venky's (India) Ltd.,Fast Moving Consumer Goods,VENKEYS,EQ,INE398A01010,,,1,1,,,,,,,,1,,,1,
Vijaya Diagnostic Centre Ltd.,Healthcare,VIJAYA,EQ,INE043W01024,,,1,1,,,,,,,,1,,,1,
Vinati Organics Ltd.,Chemicals,VINATIORGA,EQ,INE410B01037,,,1,1,,1,,,1,,,1,,,,
Welspun Corp Ltd.,Capital Goods,WELCORP,EQ,INE191B01025,,,1,1,,,,,,,,1,,,1,
Welspun India Ltd.,Textiles,WELSPUNIND,EQ,INE192B01031,,,1,1,,,,,,,,1,,1,1,1
Westlife Development Ltd.,Consumer Services,WESTLIFE,EQ,INE274F01020,,,1,1,,,,,,,,1,,,1,
Wockhardt Ltd.,Healthcare,WOCKPHARMA,EQ,INE049B01025,,,1,1,,,,,,,,1,,,1,
ZF Commercial Vehicle Control Systems India Ltd.,Automobile and Auto Components,ZFCVINDIA,EQ,INE342J01019,,,1,1,,1,,,1,,,1,,,,
Zensar Technolgies Ltd.,Information Technology,ZENSARTECH,EQ,INE520A01027,,,1,1,,,,,,,,1,,1,1,1
Zydus Wellness Ltd.,Fast Moving Consumer Goods,ZYDUSWELL,EQ,INE768C01010,,,1,1,,,,,,,,1,,,1,
eClerx Services Ltd.,Services,ECLERX,EQ,INE738I01010,,,1,1,,,,,,,,1,,,1,
ADF Foods Ltd.,Fast Moving Consumer Goods,ADFFOODS,EQ,INE982B01019,,,,,,,1,,,,,,,,,
AGI Greenpac Ltd.,Capital Goods,AGI,EQ,INE415A01038,,,,,,,1,,,,,,,,,
Accelya Solutions India Ltd.,Information Technology,ACCELYA,EQ,INE793A01012,,,,,,,1,,,,,,,,,
Action Construction Equipment Ltd.,Capital Goods,ACE,EQ,INE731H01025,,,,,,,1,,,,,,,,,
Ahluwalia Contracts (India) Ltd.,Construction,AHLUCONT,EQ,INE758C01029,,,,,,,1,,,,,,,,,
Akzo Nobel India Ltd.,Consumer Durables,AKZOINDIA,EQ,INE133A01011,,,,,,,1,,,,,,,,,
Alembic Ltd.,Realty,ALEMBICLTD,EQ,INE426A01027,,,,,,,1,,,,,,,,,
Ami Organics Ltd.,Healthcare,AMIORG,EQ,INE00FF01017,,,,,,,1,,,,,,,,,
Amrutanjan Health Care Ltd.,Healthcare,AMRUTANJAN,EQ,INE098F01031,,,,,,,1,,,,,,,,,
Anand Rathi Wealth Ltd.,Financial Services,ANANDRATHI,EQ,INE463V01026,,,,,,,1,,,,,,,,,
Anant Raj Ltd.,Realty,ANANTRAJ,EQ,INE242C01024,,,,,,,1,,,,,,,,,
Andhra Sugars Ltd.,Chemicals,ANDHRSUGAR,EQ,INE715B01021,,,,,,,1,,,,,,,,,
Apar Industries Ltd.,Capital Goods,APARINDS,EQ,INE372A01015,,,,,,,1,,,,,,,,,
Apcotex Industries Ltd.,Capital Goods,APCOTEXIND,EQ,INE116A01032,,,,,,,1,,,,,,,,,
Apollo Pipes Ltd.,Capital Goods,APOLLOPIPE,EQ,INE126J01016,,,,,,,1,,,,,,,,,
Arvind Fashions Ltd.,Consumer Services,ARVINDFASN,EQ,INE955V01021,,,,,,,1,,,,,,,,,
Arvind Ltd.,Textiles,ARVIND,EQ,INE034A01011,,,,,,,1,,,,,,,,,
Ashiana Housing Ltd.,Realty,ASHIANA,EQ,INE365D01021,,,,,,,1,,,,,,,,,
Ashoka Buildcon Ltd.,Construction,ASHOKA,EQ,INE442H01029,,,,,,,1,,,,,,,,,
Astec LifeSciences Ltd.,Chemicals,ASTEC,EQ,INE563J01010,,,,,,,1,,,,,,,,,
Astra Microwave Products Ltd.,Capital Goods,ASTRAMICRO,EQ,INE386C01029,,,,,,,1,,,,,,,,,
Automotive Axles Ltd.,Automobile and Auto Components,AUTOAXLES,EQ,INE449A01011,,,,,,,1,,,,,,,,,
BF Utilities Ltd.,Construction,BFUTILITIE,EQ,INE243D01012,,,,,,,1,,,,,,,,,
BLS International Services Ltd.,Consumer Services,BLS,EQ,INE153T01027,,,,,,,1,,,,,,,,,
Bajaj Consumer Care Ltd.,Fast Moving Consumer Goods,BAJAJCON,EQ,INE933K01021,,,,,,,1,,,,,,,,,
Bajaj Hindusthan Sugar Ltd.,Fast Moving Consumer Goods,BAJAJHIND,EQ,INE306A01021,,,,,,,1,,,,,,,,,
Balmer Lawrie & Co. Ltd.,Diversified,BALMLAWRIE,EQ,INE164A01016,,,,,,,1,,,,,,,,,
Barbeque Nation Hospitality Ltd.,Consumer Services,BARBEQUE,EQ,INE382M01027,,,,,,,1,,,,,,,,,
Best Agrolife Ltd.,Chemicals,BESTAGRO,EQ,INE052T01013,,,,,,,1,,,,,,,,,
Bhansali Engineering Polymers Ltd.,Chemicals,BEPL,EQ,INE922A01025,,,,,,,1,,,,,,,,,
Bharat Rasayan Ltd.,Chemicals,BHARATRAS,EQ,INE838B01013,,,,,,,1,,,,,,,,,
Bombay Dyeing & Manufacturing Co. Ltd.,Textiles,BOMDYEING,EQ,INE032A01023,,,,,,,1,,,,,,,,,
Borosil Ltd.,Consumer Durables,BOROLTD,EQ,INE02PY01013,,,,,,,1,,,,,,,,,
CARE Ratings Ltd.,Financial Services,CARERATING,EQ,INE752H01013,,,,,,,1,,,,,,,,,
CMS Info Systems Ltd.,Services,CMSINFO,EQ,INE925R01014,,,,,,,1,,,,,,,,,
COSMO FIRST LTD.,Capital Goods,COSMOFIRST,EQ,INE757A01017,,,,,,,1,,,,,,,,,
Camlin Fine Sciences Ltd.,Chemicals,CAMLINFINE,EQ,INE052I01032,,,,,,,1,,,,,,,,,
Cartrade Tech Ltd.,Consumer Services,CARTRADE,EQ,INE290S01011,,,,,,,1,,,,,,,,,
Centrum Capital Ltd.,Financial Services,CENTRUM,EQ,INE660C01027,,,,,,,1,,,,,,,,,
Chemcon Speciality Chemicals Ltd.,Chemicals,CHEMCON,EQ,INE03YM01018,,,,,,,1,,,,,,,,,
Chennai Petroleum Corporation Ltd.,Oil Gas & Consumable Fuels,CHENNPETRO,EQ,INE178A01016,,,,,,,1,,,,,,,,,
Cigniti Technologies Ltd.,Information Technology,CIGNITITEC,EQ,INE675C01017,,,,,,,1,,,,,,,,,
Confidence Petroleum India Ltd.,Oil Gas & Consumable Fuels,CONFIPET,EQ,INE552D01024,,,,,,,1,,,,,,,,,
Craftsman Automation Ltd.,Automobile and Auto Components,CRAFTSMAN,EQ,INE00LO01017,,,,,,,1,,,,,,,,,
D.B.Corp Ltd.,Media Entertainment & Publication,DBCORP,EQ,INE950I01011,,,,,,,1,,,,,,,,,
DCB Bank Ltd.,Financial Services,DCBBANK,EQ,INE503A01015,,,,,,,1,,,,,,,,,
DFM Foods Ltd.,Fast Moving Consumer Goods,DFMFOODS,EQ,INE456C01020,,,,,,,1,,,,,,,,,
Dalmia Bharat Sugar and Industries Ltd.,Fast Moving Consumer Goods,DALMIASUG,EQ,INE495A01022,,,,,,,1,,,,,,,,,
Data Patterns (India) Ltd.,Capital Goods,DATAPATTNS,EQ,INE0IX101010,,,,,,,1,,,,,,,,,
Deepak Fertilisers & Petrochemicals Corp. Ltd.,Chemicals,DEEPAKFERT,EQ,INE501A01019,,,,,,,1,,,,,,,,,
Den Networks Ltd.,Media Entertainment & Publication,DEN,EQ,INE947J01015,,,,,,,1,,,,,,,,,
Dhanuka Agritech Ltd.,Chemicals,DHANUKA,EQ,INE435G01025,,,,,,,1,,,,,,,,,
Dish TV India Ltd.,Media Entertainment & Publication,DISHTV,EQ,INE836F01026,,,,,,,1,,,,,,,,,
Dishman Carbogen Amcis Ltd.,Healthcare,DCAL,EQ,INE385W01011,,,,,,,1,,,,,,,,,
Dodla Dairy Ltd.,Fast Moving Consumer Goods,DODLA,EQ,INE021O01019,,,,,,,1,,,,,,,,,
Dolat Algotech Ltd.,Financial Services,DOLATALGO,EQ,INE966A01022,,,,,,,1,,,,,,,,,
Dollar Industries Ltd.,Textiles,DOLLAR,EQ,INE325C01035,,,,,,,1,,,,,,,,,
ESAB India Ltd.,Capital Goods,ESABINDIA,EQ,INE284A01012,,,,,,,1,,,,,,,,,
Electrosteel Castings Ltd.,Capital Goods,ELECTCAST,EQ,INE086A01029,,,,,,,1,,,,,,,,,
Eveready Industries India Ltd.,Fast Moving Consumer Goods,EVEREADY,EQ,INE128A01029,,,,,,,1,,,,,,,,,
Fairchem Organics Ltd.,Chemicals,FAIRCHEMOR,EQ,INE0DNW01011,,,,,,,1,,,,,,,,,
Filatex India Ltd.,Textiles,FILATEX,EQ,INE816B01027,,,,,,,1,,,,,,,,,
Fino Payments Bank Ltd.,Financial Services,FINOPB,EQ,INE02NC01014,,,,,,,1,,,,,,,,,
Force Motors Ltd.,Automobile and Auto Components,FORCEMOT,EQ,INE451A01017,,,,,,,1,,,,,,,,,
Future Consumer Ltd.,Consumer Services,FCONSUMER,EQ,INE220J01025,,,,,,,1,,,,,,,,,
Future Retail Ltd.,Consumer Services,FRETAIL,BE,INE752P01024,,,,,,,1,,,,,,,,,
GE Power India Ltd.,Capital Goods,GEPIL,EQ,INE878A01011,,,,,,,1,,,,,,,,,
GE T&D India Ltd.,Capital Goods,GET&D,EQ,INE200A01026,,,,,,,1,,,,,,,,,
GHCL Ltd.,Chemicals,GHCL,EQ,INE539A01019,,,,,,,1,,,,,,,,,
GTL Infrastructure Ltd.,Telecommunication,GTLINFRA,EQ,INE221H01019,,,,,,,1,,,,,,,,,
GTPL Hathway Ltd.,Media Entertainment & Publication,GTPL,EQ,INE869I01013,,,,,,,1,,,,,,,,,
Gabriel India Ltd.,Automobile and Auto Components,GABRIEL,EQ,INE524A01029,,,,,,,1,,,,,,,,,
Garden Reach Shipbuilders & Engineers Ltd.,Capital Goods,GRSE,EQ,INE382Z01011,,,,,,,1,,,,,,,,,
Gateway Distriparks Ltd.,Services,GATEWAY,EQ,INE079J01017,,,,,,,1,,,,,,,,,
Gati Ltd.,Services,GATI,EQ,INE152B01027,,,,,,,1,,,,,,,,,
Geojit Financial Services Ltd.,Financial Services,GEOJITFSL,EQ,INE007B01023,,,,,,,1,,,,,,,,,
Globus Spirits Ltd.,Fast Moving Consumer Goods,GLOBUSSPR,EQ,INE615I01010,,,,,,,1,,,,,,,,,
Godawari Power & Ispat Ltd.,Capital Goods,GPIL,EQ,INE177H01021,,,,,,,1,,,,,,,,,
Goodyear India Ltd.,Automobile and Auto Components,GOODYEAR,EQ,INE533A01012,,,,,,,1,,,,,,,,,
Greaves Cotton Ltd.,Capital Goods,GREAVESCOT,EQ,INE224A01026,,,,,,,1,,,,,,,,,
Greenlam Industries Ltd.,Consumer Durables,GREENLAM,EQ,INE544R01021,,,,,,,1,,,,,,,,,
Greenpanel Industries Ltd.,Consumer Durables,GREENPANEL,EQ,INE08ZM01014,,,,,,,1,,,,,,,,,
Greenply Industries Ltd.,Consumer Durables,GREENPLY,EQ,INE461C01038,,,,,,,1,,,,,,,,,
Gujarat Mineral Development Corporation Ltd.,Metals & Mining,GMDCLTD,EQ,INE131A01031,,,,,,,1,,,,,,,,,
Gulf Oil Lubricants India Ltd.,Oil Gas & Consumable Fuels,GULFOILLUB,EQ,INE635Q01029,,,,,,,1,,,,,,,,,
H.G. Infra Engineering Ltd.,Construction,HGINFRA,EQ,INE926X01010,,,,,,,1,,,,,,,,,
HBL Power Systems Ltd.,Capital Goods,HBLPOWER,EQ,INE292B01021,,,,,,,1,,,,,,,,,
HIL Ltd.,Consumer Durables,HIL,EQ,INE557A01011,,,,,,,1,,,,,,,,,
Healthcare Global Enterprises Ltd.,Healthcare,HCG,EQ,INE075I01017,,,,,,,1,,,,,,,,,
HeidelbergCement India Ltd.,Construction Materials,HEIDELBERG,EQ,INE578A01017,,,,,,,1,,,,,,,,,
Heranba Industries Ltd.,Chemicals,HERANBA,EQ,INE694N01015,,,,,,,1,,,,,,,,,
Heritage Foods Ltd.,Fast Moving Consumer Goods,HERITGFOOD,EQ,INE978A01027,,,,,,,1,,,,,,,,,
Hester Biosciences Ltd.,Healthcare,HESTERBIO,EQ,INE782E01017,,,,,,,1,,,,,,,,,
Himadri Speciality Chemical Ltd.,Chemicals,HSCL,EQ,INE019C01026,,,,,,,1,,,,,,,,,
Himatsingka Seide Ltd.,Textiles,HIMATSEIDE,EQ,INE049A01027,,,,,,,1,,,,,,,,,
Hindustan Construction Co. Ltd.,Construction,HCC,EQ,INE549A01026,,,,,,,1,,,,,,,,,
Hindustan Oil Exploration Co. Ltd.,Oil Gas & Consumable Fuels,HINDOILEXP,EQ,INE345A01011,,,,,,,1,,,,,,,,,
Hindware Home Innovation Ltd.,Consumer Durables,HINDWAREAP,EQ,INE05AN01011,,,,,,,1,,,,,,,,,
I G Petrochemicals Ltd.,Chemicals,IGPL,EQ,INE204A01010,,,,,,,1,,,,,,,,,
IFCI Ltd.,Financial Services,IFCI,EQ,INE039A01010,,,,,,,1,,,,,,,,,
IIFL Securities Ltd.,Financial Services,IIFLSEC,EQ,INE489L01022,,,,,,,1,,,,,,,,,
INEOS Styrolution India Ltd.,Chemicals,INEOSSTYRO,EQ,INE189B01011,,,,,,,1,,,,,,,,,
IOL Chem and Pharma Ltd.,Healthcare,IOLCP,EQ,INE485C01011,,,,,,,1,,,,,,,,,
Igarashi Motors India Ltd.,Automobile and Auto Components,IGARASHI,EQ,INE188B01013,,,,,,,1,,,,,,,,,
India Glycols Ltd.,Chemicals,INDIAGLYCO,EQ,INE560A01015,,,,,,,1,,,,,,,,,
India Pesticides Ltd.,Chemicals,IPL,EQ,INE0D6701023,,,,,,,1,,,,,,,,,
Indian Metals & Ferro Alloys Ltd.,Metals & Mining,IMFA,EQ,INE919H01018,,,,,,,1,,,,,,,,,
IndoStar Capital Finance Ltd.,Financial Services,INDOSTAR,EQ,INE896L01010,,,,,,,1,,,,,,,,,
Ingersoll Rand (India) Ltd.,Capital Goods,INGERRAND,EQ,INE177A01018,,,,,,,1,,,,,,,,,
Inox Wind Ltd.,Capital Goods,INOXWIND,EQ,INE066P01011,,,,,,,1,,,,,,,,,
Ion Exchange (India) Ltd.,Construction,IONEXCHANG,EQ,INE570A01014,,,,,,,1,,,,,,,,,
Isgec Heavy Engineering Ltd.,Construction,ISGEC,EQ,INE858B01029,,,,,,,1,,,,,,,,,
JBM Auto Ltd.,Automobile and Auto Components,JBMA,EQ,INE927D01044,,,,,,,1,,,,,,,,,
JK Tyre & Industries Ltd.,Automobile and Auto Components,JKTYRE,EQ,INE573A01042,,,,,,,1,,,,,,,,,
JMC Projects (India) Ltd.,Construction,JMCPROJECT,EQ,INE890A01024,,,,,,,1,,,,,,,,,
JSW Ispat Special Products Ltd.,Metals & Mining,JSWISPL,EQ,INE743C01021,,,,,,,1,,,,,,,,,
JTEKT India Ltd.,Automobile and Auto Components,JTEKTINDIA,EQ,INE643A01035,,,,,,,1,,,,,,,,,
Jai Corp Ltd.,Capital Goods,JAICORPLTD,EQ,INE070D01027,,,,,,,1,,,,,,,,,
Jain Irrigation Systems Ltd.,Capital Goods,JISLJALEQS,EQ,INE175A01038,,,,,,,1,,,,,,,,,
Jaiprakash Associates Ltd.,Construction,JPASSOCIAT,EQ,INE455F01025,,,,,,,1,,,,,,,,,
Jaiprakash Power Ventures Ltd.,Power,JPPOWER,EQ,INE351F01018,,,,,,,1,,,,,,,,,
Jammu & Kashmir Bank Ltd.,Financial Services,J&KBANK,EQ,INE168A01041,,,,,,,1,,,,,,,,,
Jindal Poly Films Ltd.,Capital Goods,JINDALPOLY,EQ,INE197D01010,,,,,,,1,,,,,,,,,
Jindal Saw Ltd.,Capital Goods,JINDALSAW,EQ,INE324A01024,,,,,,,1,,,,,,,,,
Jindal Worldwide Ltd.,Textiles,JINDWORLD,EQ,INE247D01039,,,,,,,1,,,,,,,,,
Johnson Controls - Hitachi Air Conditioning India Ltd.,Consumer Durables,JCHAC,EQ,INE782A01015,,,,,,,1,,,,,,,,,
KCP Ltd.,Construction Materials,KCP,EQ,INE805C01028,,,,,,,1,,,,,,,,,
KSB Ltd.,Capital Goods,KSB,EQ,INE999A01015,,,,,,,1,,,,,,,,,
Kalyani Steels Ltd.,Metals & Mining,KSL,EQ,INE907A01026,,,,,,,1,,,,,,,,,
Karnataka Bank Ltd.,Financial Services,KTKBANK,EQ,INE614B01018,,,,,,,1,,,,,,,,,
Kaveri Seed Company Ltd.,Fast Moving Consumer Goods,KSCL,EQ,INE455I01029,,,,,,,1,,,,,,,,,
Kennametal India Ltd.,Capital Goods,KENNAMET,EQ,INE717A01029,,,,,,,1,,,,,,,,,
Kiri Industries Ltd.,Chemicals,KIRIINDUS,EQ,INE415I01015,,,,,,,1,,,,,,,,,
Kirloskar Ferrous Industries Ltd.,Metals & Mining,KIRLFER,EQ,INE884B01025,,,,,,,1,,,,,,,,,
Kirloskar Oil Eng Ltd.,Capital Goods,KIRLOSENG,EQ,INE146L01010,,,,,,,1,,,,,,,,,
Kolte-Patil Developers Ltd.,Realty,KOLTEPATIL,EQ,INE094I01018,,,,,,,1,,,,,,,,,
Krsnaa Diagnostics Ltd.,Healthcare,KRSNAA,EQ,INE08LI01020,,,,,,,1,,,,,,,,,
LG Balakrishnan & Bros Ltd.,Automobile and Auto Components,LGBBROSLTD,EQ,INE337A01034,,,,,,,1,,,,,,,,,
LT Foods Ltd.,Fast Moving Consumer Goods,DAAWAT,EQ,INE818H01020,,,,,,,1,,,,,,,,,
La Opala RG Ltd.,Consumer Durables,LAOPALA,EQ,INE059D01020,,,,,,,1,,,,,,,,,
Lemon Tree Hotels Ltd.,Consumer Services,LEMONTREE,EQ,INE970X01018,,,,,,,1,,,,,,,,,
MAS Financial Services Ltd.,Financial Services,MASFIN,EQ,INE348L01012,,,,,,,1,,,,,,,,,
MSTC Ltd.,Services,MSTCLTD,EQ,INE255X01014,,,,,,,1,,,,,,,,,
Maharashtra Scooters Ltd.,Financial Services,MAHSCOOTER,EQ,INE288A01013,,,,,,,1,,,,,,,,,
Maharashtra Seamless Ltd.,Capital Goods,MAHSEAMLES,EQ,INE271B01025,,,,,,,1,,,,,,,,,
Mahindra Lifespace Developers Ltd.,Realty,MAHLIFE,EQ,INE813A01018,,,,,,,1,,,,,,,,,
Maithan Alloys Ltd.,Metals & Mining,MAITHANALL,EQ,INE683C01011,,,,,,,1,,,,,,,,,
Man Infraconstruction Ltd.,Construction,MANINFRA,EQ,INE949H01023,,,,,,,1,,,,,,,,,
Marksans Pharma Ltd.,Healthcare,MARKSANS,EQ,INE750C01026,,,,,,,1,,,,,,,,,
Matrimony.Com Ltd.,Consumer Services,MATRIMONY,EQ,INE866R01028,,,,,,,1,,,,,,,,,
Mayur Uniquoters Ltd.,Consumer Durables,MAYURUNIQ,EQ,INE040D01038,,,,,,,1,,,,,,,,,
Meghmani Finechem Ltd.,Chemicals,MFL,EQ,INE071N01016,,,,,,,1,,,,,,,,,
Meghmani Organics Ltd.,Chemicals,MOL,EQ,INE0CT101020,,,,,,,1,,,,,,,,,
Minda Corporation Ltd.,Automobile and Auto Components,MINDACORP,EQ,INE842C01021,,,,,,,1,,,,,,,,,
Mishra Dhatu Nigam Ltd.,Capital Goods,MIDHANI,EQ,INE099Z01011,,,,,,,1,,,,,,,,,
Mold-Tek Packaging Ltd.,Capital Goods,MOLDTKPAC,EQ,INE893J01029,,,,,,,1,,,,,,,,,
Morepen Laboratories Ltd.,Healthcare,MOREPENLAB,EQ,INE083A01026,,,,,,,1,,,,,,,,,
Mrs. Bectors Food Specialities Ltd.,Fast Moving Consumer Goods,BECTORFOOD,EQ,INE495P01012,,,,,,,1,,,,,,,,,
NEOGEN CHEMICALS LTD.,Chemicals,NEOGEN,EQ,INE136S01016,,,,,,,1,,,,,,,,,
NIIT Ltd.,Consumer Services,NIITLTD,EQ,INE161A01038,,,,,,,1,,,,,,,,,
NRB Bearings Ltd.,Capital Goods,NRBBEARING,EQ,INE349A01021,,,,,,,1,,,,,,,,,
National Fertilizers Ltd.,Chemicals,NFL,EQ,INE870D01012,,,,,,,1,,,,,,,,,
Nava Bharat Ventures Ltd.,Power,NBVENTURES,EQ,INE725A01022,,,,,,,1,,,,,,,,,
Navneet Education Ltd.,Media Entertainment & Publication,NAVNETEDUL,EQ,INE060A01024,,,,,,,1,,,,,,,,,
Neuland Laboratories Ltd.,Healthcare,NEULANDLAB,EQ,INE794A01010,,,,,,,1,,,,,,,,,
Newgen Software Technologies Ltd.,Information Technology,NEWGEN,EQ,INE619B01017,,,,,,,1,,,,,,,,,
Nilkamal Ltd.,Consumer Durables,NILKAMAL,EQ,INE310A01015,,,,,,,1,,,,,,,,,
Nucleus Software Exports Ltd.,Information Technology,NUCLEUS,EQ,INE096B01018,,,,,,,1,,,,,,,,,
Olectra Greentech Ltd.,Automobile and Auto Components,OLECTRA,EQ,INE260D01016,,,,,,,1,,,,,,,,,
Optiemus Infracom Ltd.,Telecommunication,OPTIEMUS,EQ,INE350C01017,,,,,,,1,,,,,,,,,
Orient Cement Ltd.,Construction Materials,ORIENTCEM,EQ,INE876N01018,,,,,,,1,,,,,,,,,
Orissa Min Dev Co Ltd.,Metals & Mining,ORISSAMINE,BE,INE725E01024,,,,,,,1,,,,,,,,,
PSP Projects Ltd.,Construction,PSPPROJECT,EQ,INE488V01015,,,,,,,1,,,,,,,,,
PTC India Ltd.,Power,PTC,EQ,INE877F01012,,,,,,,1,,,,,,,,,
Paisalo Digital Ltd.,Financial Services,PAISALO,EQ,INE420C01059,,,,,,,1,,,,,,,,,
Panacea Biotec Ltd.,Healthcare,PANACEABIO,EQ,INE922B01023,,,,,,,1,,,,,,,,,
Paras Defence and Space Technologies Ltd.,Capital Goods,PARAS,EQ,INE045601015,,,,,,,1,,,,,,,,,
Pilani Investment and Industries Corporation Ltd.,Financial Services,PILANIINVS,EQ,INE417C01014,,,,,,,1,,,,,,,,,
Prataap Snacks Ltd.,Fast Moving Consumer Goods,DIAMONDYD,EQ,INE393P01035,,,,,,,1,,,,,,,,,
Punjab Chemicals & Crop Protection Ltd.,Chemicals,PUNJABCHEM,EQ,INE277B01014,,,,,,,1,,,,,,,,,
Puravankara Ltd.,Realty,PURVA,EQ,INE323I01011,,,,,,,1,,,,,,,,,
R Systems International Ltd.,Information Technology,RSYSTEMS,EQ,INE411H01032,,,,,,,1,,,,,,,,,
RPSG Ventures Ltd.,Services,RPSGVENT,EQ,INE425Y01011,,,,,,,1,,,,,,,,,
Ramco Industries Ltd.,Construction Materials,RAMCOIND,EQ,INE614A01028,,,,,,,1,,,,,,,,,
Ramkrishna Forgings Ltd.,Capital Goods,RKFORGE,EQ,INE399G01023,,,,,,,1,,,,,,,,,
Rategain Travel Technologies Ltd.,Information Technology,RATEGAIN,EQ,INE0CLI01024,,,,,,,1,,,,,,,,,
RattanIndia Power Ltd.,Power,RTNPOWER,EQ,INE399K01017,,,,,,,1,,,,,,,,,
Raymond Ltd.,Textiles,RAYMOND,EQ,INE301A01014,,,,,,,1,,,,,,,,,
Reliance Infrastructure Ltd.,Power,RELINFRA,EQ,INE036A01016,,,,,,,1,,,,,,,,,
Reliance Power Ltd.,Power,RPOWER,EQ,INE614G01033,,,,,,,1,,,,,,,,,
Religare Enterprises Ltd.,Financial Services,RELIGARE,EQ,INE621H01010,,,,,,,1,,,,,,,,,
Repco Home Finance Ltd.,Financial Services,REPCOHOME,EQ,INE612J01015,,,,,,,1,,,,,,,,,
Responsive Industries Ltd.,Consumer Durables,RESPONIND,EQ,INE688D01026,,,,,,,1,,,,,,,,,
Rolex Rings Ltd.,Automobile and Auto Components,ROLEXRINGS,EQ,INE645S01016,,,,,,,1,,,,,,,,,
Rupa & Company Ltd.,Textiles,RUPA,EQ,INE895B01021,,,,,,,1,,,,,,,,,
S H Kelkar and Company Ltd.,Fast Moving Consumer Goods,SHK,EQ,INE500L01026,,,,,,,1,,,,,,,,,
SEAMEC Ltd.,Services,SEAMECLTD,EQ,INE497B01018,,,,,,,1,,,,,,,,,
Sagar Cements Ltd.,Construction Materials,SAGCEM,EQ,INE229C01021,,,,,,,1,,,,,,,,,
Sandhar Technologies Ltd.,Automobile and Auto Components,SANDHAR,EQ,INE278H01035,,,,,,,1,,,,,,,,,
Sanghi Industries Ltd.,Construction Materials,SANGHIIND,EQ,INE999B01013,,,,,,,1,,,,,,,,,
Sansera Engineering Ltd.,Automobile and Auto Components,SANSERA,EQ,INE953O01021,,,,,,,1,,,,,,,,,
Sarda Energy and Minerals Ltd.,Metals & Mining,SARDAEN,EQ,INE385C01013,,,,,,,1,,,,,,,,,
Sasken Technologies Ltd.,Information Technology,SASKEN,EQ,INE231F01020,,,,,,,1,,,,,,,,,
Savita Oil Technologies Ltd.,Oil Gas & Consumable Fuels,SOTL,EQ,INE035D01012,,,,,,,1,,,,,,,,,
Schneider Electric Infrastructure Ltd.,Capital Goods,SCHNEIDER,EQ,INE839M01018,,,,,,,1,,,,,,,,,
Shalby Ltd.,Healthcare,SHALBY,EQ,INE597J01018,,,,,,,1,,,,,,,,,
Sharda Cropchem Ltd.,Chemicals,SHARDACROP,EQ,INE221J01015,,,,,,,1,,,,,,,,,
Share India Securities Ltd.,Financial Services,SHAREINDIA,EQ,INE932X01018,,,,,,,1,,,,,,,,,
Shoppers Stop Ltd.,Consumer Services,SHOPERSTOP,EQ,INE498B01024,,,,,,,1,,,,,,,,,
Siyaram Silk Mills Ltd.,Textiles,SIYSIL,EQ,INE076B01028,,,,,,,1,,,,,,,,,
Somany Ceramics Ltd.,Consumer Durables,SOMANYCERA,EQ,INE355A01028,,,,,,,1,,,,,,,,,
South Indian Bank Ltd.,Financial Services,SOUTHBANK,EQ,INE683A01023,,,,,,,1,,,,,,,,,
Spandana Sphoorty Financial Ltd.,Financial Services,SPANDANA,EQ,INE572J01011,,,,,,,1,,,,,,,,,
Star Cement Ltd.,Construction Materials,STARCEMENT,EQ,INE460H01021,,,,,,,1,,,,,,,,,
Steel Strips Wheels Ltd.,Automobile and Auto Components,SSWL,EQ,INE802C01025,,,,,,,1,,,,,,,,,
Stove Kraft Ltd.,Consumer Durables,STOVEKRAFT,EQ,INE00IN01015,,,,,,,1,,,,,,,,,
Subex Ltd.,Information Technology,SUBEXLTD,EQ,INE754A01055,,,,,,,1,,,,,,,,,
Subros Ltd.,Automobile and Auto Components,SUBROS,EQ,INE287B01021,,,,,,,1,,,,,,,,,
Sundaram Clayton Ltd.,Automobile and Auto Components,SUNCLAYLTD,EQ,INE105A01035,,,,,,,1,,,,,,,,,
Supriya Lifescience Ltd.,Healthcare,SUPRIYA,EQ,INE07RO01027,,,,,,,1,,,,,,,,,
Surya Roshni Ltd.,Capital Goods,SURYAROSNI,EQ,INE335A01012,,,,,,,1,,,,,,,,,
Suryoday Small Finance Bank Ltd.,Financial Services,SURYODAY,EQ,INE428Q01011,,,,,,,1,,,,,,,,,
Swan Energy Ltd.,Textiles,SWANENERGY,EQ,INE665A01038,,,,,,,1,,,,,,,,,
Swaraj Engines Ltd.,Capital Goods,SWARAJENG,EQ,INE277A01016,,,,,,,1,,,,,,,,,
TV Today Network Ltd.,Media Entertainment & Publication,TVTODAY,EQ,INE038F01029,,,,,,,1,,,,,,,,,
TVS Srichakra Ltd.,Automobile and Auto Components,TVSSRICHAK,EQ,INE421C01016,,,,,,,1,,,,,,,,,
Tarsons Products Ltd.,Healthcare,TARSONS,EQ,INE144Z01023,,,,,,,1,,,,,,,,,
Tasty Bite Eatables Ltd.,Fast Moving Consumer Goods,TASTYBITE,EQ,INE488B01017,,,,,,,1,,,,,,,,,
Tata Metaliks Ltd.,Metals & Mining,TATAMETALI,EQ,INE056C01010,,,,,,,1,,,,,,,,,
Tatva Chintan Pharma Chem Ltd.,Chemicals,TATVA,EQ,INE0GK401011,,,,,,,1,,,,,,,,,
Techno Electric & Engineering Company Ltd.,Construction,TECHNOE,EQ,INE285K01026,,,,,,,1,,,,,,,,,
Tega Industries Ltd.,Capital Goods,TEGA,EQ,INE011K01018,,,,,,,1,,,,,,,,,
Tejas Networks Ltd.,Telecommunication,TEJASNET,EQ,INE010J01012,,,,,,,1,,,,,,,,,
Thirumalai Chemicals Ltd.,Chemicals,TIRUMALCHM,EQ,INE338A01024,,,,,,,1,,,,,,,,,
Thomas Cook (India) Ltd.,Consumer Services,THOMASCOOK,EQ,INE332A01027,,,,,,,1,,,,,,,,,
Tide Water Oil (India) Ltd.,Oil Gas & Consumable Fuels,TIDEWATER,EQ,INE484C01030,,,,,,,1,,,,,,,,,
Time Technoplast Ltd.,Capital Goods,TIMETECHNO,EQ,INE508G01029,,,,,,,1,,,,,,,,,
Tinplate Company of India Ltd.,Capital Goods,TINPLATE,EQ,INE422C01014,,,,,,,1,,,,,,,,,
Transport Corporation of India Ltd.,Services,TCI,EQ,INE688A01022,,,,,,,1,,,,,,,,,
Ujjivan Small Finance Bank Ltd.,Financial Services,UJJIVANSFB,EQ,INE551W01018,,,,,,,1,,,,,,,,,
Unichem Laboratories Ltd.,Healthcare,UNICHEMLAB,EQ,INE351A01035,,,,,,,1,,,,,,,,,
Usha Martin Ltd.,Capital Goods,USHAMART,EQ,INE228A01035,,,,,,,1,,,,,,,,,
V.S.T Tillers Tractors Ltd.,Capital Goods,VSTTILLERS,EQ,INE764D01017,,,,,,,1,,,,,,,,,
VRL Logistics Ltd.,Services,VRLLOG,EQ,INE366I01010,,,,,,,1,,,,,,,,,
VST Industries Ltd.,Fast Moving Consumer Goods,VSTIND,EQ,INE710A01016,,,,,,,1,,,,,,,,,
Va Tech Wabag Ltd.,Utilities,WABAG,EQ,INE956G01038,,,,,,,1,,,,,,,,,
Valiant Organics Ltd.,Chemicals,VALIANTORG,EQ,INE565V01010,,,,,,,1,,,,,,,,,
Voltamp Transformers Ltd,Capital Goods,VOLTAMP,EQ,INE540H01012,,,,,,,1,,,,,,,,,
Welspun Enterprises Ltd.,Construction,WELENT,EQ,INE625G01013,,,,,,,1,,,,,,,,,
West Coast Paper Mills Ltd.,Forest Materials,WSTCSTPAPR,EQ,INE976A01021,,,,,,,1,,,,,,,,,
